# Resource object code (Python 3)
# Created by: object code
# Created by: The Resource Compiler for Qt version 6.11.1
# WARNING! All changes made in this file will be lost!

from PyQt6 import QtCore

qt_resource_data = b"\
\x00\x00\x22\xb5\
\xff\
\xd8\xff\xe0\x00\x10JFIF\x00\x01\x01\x01\x00`\x00\
`\x00\x00\xff\xdb\x00C\x00\x03\x02\x02\x03\x02\x02\x03\x03\
\x03\x03\x04\x03\x03\x04\x05\x08\x05\x05\x04\x04\x05\x0a\x07\x07\
\x06\x08\x0c\x0a\x0c\x0c\x0b\x0a\x0b\x0b\x0d\x0e\x12\x10\x0d\x0e\
\x11\x0e\x0b\x0b\x10\x16\x10\x11\x13\x14\x15\x15\x15\x0c\x0f\x17\
\x18\x16\x14\x18\x12\x14\x15\x14\xff\xdb\x00C\x01\x03\x04\x04\
\x05\x04\x05\x09\x05\x05\x09\x14\x0d\x0b\x0d\x14\x14\x14\x14\x14\
\x14\x14\x14\x14\x14\x14\x14\x14\x14\x14\x14\x14\x14\x14\x14\x14\
\x14\x14\x14\x14\x14\x14\x14\x14\x14\x14\x14\x14\x14\x14\x14\x14\
\x14\x14\x14\x14\x14\x14\x14\x14\x14\x14\x14\x14\x14\xff\xc0\x00\
\x11\x08\x00\xc3\x00\xc4\x03\x01\x22\x00\x02\x11\x01\x03\x11\x01\
\xff\xc4\x00\x1f\x00\x00\x01\x05\x01\x01\x01\x01\x01\x01\x00\x00\
\x00\x00\x00\x00\x00\x00\x01\x02\x03\x04\x05\x06\x07\x08\x09\x0a\
\x0b\xff\xc4\x00\xb5\x10\x00\x02\x01\x03\x03\x02\x04\x03\x05\x05\
\x04\x04\x00\x00\x01}\x01\x02\x03\x00\x04\x11\x05\x12!1\
A\x06\x13Qa\x07\x22q\x142\x81\x91\xa1\x08#B\
\xb1\xc1\x15R\xd1\xf0$3br\x82\x09\x0a\x16\x17\x18\
\x19\x1a%&'()*456789:C\
DEFGHIJSTUVWXYZc\
defghijstuvwxyz\x83\
\x84\x85\x86\x87\x88\x89\x8a\x92\x93\x94\x95\x96\x97\x98\x99\x9a\
\xa2\xa3\xa4\xa5\xa6\xa7\xa8\xa9\xaa\xb2\xb3\xb4\xb5\xb6\xb7\xb8\
\xb9\xba\xc2\xc3\xc4\xc5\xc6\xc7\xc8\xc9\xca\xd2\xd3\xd4\xd5\xd6\
\xd7\xd8\xd9\xda\xe1\xe2\xe3\xe4\xe5\xe6\xe7\xe8\xe9\xea\xf1\xf2\
\xf3\xf4\xf5\xf6\xf7\xf8\xf9\xfa\xff\xc4\x00\x1f\x01\x00\x03\x01\
\x01\x01\x01\x01\x01\x01\x01\x01\x00\x00\x00\x00\x00\x00\x01\x02\
\x03\x04\x05\x06\x07\x08\x09\x0a\x0b\xff\xc4\x00\xb5\x11\x00\x02\
\x01\x02\x04\x04\x03\x04\x07\x05\x04\x04\x00\x01\x02w\x00\x01\
\x02\x03\x11\x04\x05!1\x06\x12AQ\x07aq\x13\x22\
2\x81\x08\x14B\x91\xa1\xb1\xc1\x09#3R\xf0\x15b\
r\xd1\x0a\x16$4\xe1%\xf1\x17\x18\x19\x1a&'(\
)*56789:CDEFGHIJ\
STUVWXYZcdefghij\
stuvwxyz\x82\x83\x84\x85\x86\x87\x88\x89\
\x8a\x92\x93\x94\x95\x96\x97\x98\x99\x9a\xa2\xa3\xa4\xa5\xa6\xa7\
\xa8\xa9\xaa\xb2\xb3\xb4\xb5\xb6\xb7\xb8\xb9\xba\xc2\xc3\xc4\xc5\
\xc6\xc7\xc8\xc9\xca\xd2\xd3\xd4\xd5\xd6\xd7\xd8\xd9\xda\xe2\xe3\
\xe4\xe5\xe6\xe7\xe8\xe9\xea\xf2\xf3\xf4\xf5\xf6\xf7\xf8\xf9\xfa\
\xff\xda\x00\x0c\x03\x01\x00\x02\x11\x03\x11\x00?\x00\xcc\xa4\
jZ+\xfaL\xfe|\x1bIK]\xff\x00\x81t\x1d\
6\xce\xc1\xb5\xadg\x1eB\x92\x22\x8c\x9f\xbcA\xe6\xbc\
<\xdf3\xa7\x94\xe1\xfd\xbc\xd3\x93z$\xb7o\xa2G\
E\x0a.\xbc\xad\x17e\xdc\xe1\xd6\xc6wPDLG\
\xae*\x16R\xa7\x04c\xeb^\xafu\xf1\x8a\xc69\x82\
Y\xe8\xf0\xa5\xba\xf1\x86\x8dI\xa8.\xa4\xd0>!Z\
\x7f\xa3\xc64\xfdO\xf8S o>\x80\x0a\xf9\x1a<\
M\x98\xd2\x92\x9e?\x03*t\xdf[\xa6\xd7\xaaGt\
\xb0\x94Zj\x95T\xd9\xe5\xd4T\xd7\x96\xafeu$\
\x12\x0c2\x1cT5\xfa,'\x1a\x91S\x83\xbag\x94\
\xd3\x8b\xb3\x1e\xdd\xbe\x94\x94n\xe9\xc5\x00\xe6\xb5\x10Q\
E\x14\x00QE\x14\x00QI\xba\x8d\xd4\x00\xb4\x8dJ\
M5\x8d\x00\x15,v\xb3L\xa4\xa4l\xc3\xda\xba\xbf\
\x09xf\xd6k_\xedM^O.\xc5NB\x93\x83\
'\xb0\xae\x96O\x8b\x1aN\x9e#\xb7\xb0\xd1\xe3\x10\xa1\
\xc1i\x11Io\xc6\xbe\x0f0\xe2\x0cL+\xbc>W\
\x86u\xa5\x1d\xdd\xed\x15\xe5w\xd4\xf4\xa9ac\xcb\xcf\
^|\xbd\x8f,\x927\x89\xb6\xba\x95ozh8a\
^\xc7\xfd\xb3\xe1\xdf\x89P\xb5\xa3\xda.\x9f~\xab\xfb\
\xa6\x18]\xc7\xf0\xaf&\xd4\xb4\xf94\xdb\xe9m\xe4R\
\x8d\x1bc\x15\xdd\x92g\xd2\xcc\xa5,>*\x8b\xa3Z\
;\xc5\xf6\xee\x9fTg\x88\xc3{\x14\xa5\x09sE\xf5\
Ez(\xa2\xbe\xb8\xe1\x0a(\xa2\x80\x0aF\xa5\xa4j\
\x00E\x1b\x99x\xcf5\xd1x\xabZ[\xcf&\xd6\xdf\
\xe4\xb4\x8e5;\x01\xe3v95\xce\xf4\xf65gO\
\xb0\x9bT\xb9X B\xf2\xb1\xc0\x03\xady8\xaa\x14\
=\xa41u\xdd\x95;\xbf-M\xa9\xcavp\x8fR\
\xb7\xb0\xe4\xd6\xce\x8b\xe1\xfdf\xfaE\x97N\xb4\x9eF\
S\x90\xd1\xf1^\xd3\xe0?\x836zjGw\xa9\x0f\
:\xe0\x80\xc1;\x0f\xa8\xafY\xd2|.\xd3\x00\xb66\
\x0a1\xc7\xee\xd0\x0a\xfc\x1f?\xf1k\x0fF\xac\xb0y\
M\x0fl\xd6\x8d\xf4\xfc5g\xd5`\xf2\x1a\xb5\x12\x9d\
YX\xf9\x7fZ\xf0?\x895e\x8as\xa2N\x97\x18\
\x0a\xc5@\x00\x80=+\x9c\xd4|\x1f\xaci)\xbe\xf2\
\xc2X\x13\xd5\x85}\xb5\xff\x00\x08^\xb1\xda\xc6L{\
\x01\xfe5\x99\xaaxfh\x14\x8b\xeb\x01\xb7\xfe\x9a \
5\xf2X?\x15s\x8c\x02\x8a\xaf\x81J\x9a\xff\x00\x17\
\xeb\xa1\xe9V\xe1\xd8N\xedI\xdc\xf8\x80\x82:\x83I\
\xfcB\xbe\x92\xf1\xcf\xc2\x0b\x0dr7\xb8\xb4_\xb3\xdd\
m\xc8\xda0\xbf\x95|\xfb\xadh\xb7:\x0e\xa0\xf6\xb7\
(Q\xd4\x902:\xf5\xaf\xde\xf8W\x8dr\xee*\xa7\
\xfe\xce\xf9j-\xe2\xf7\xff\x00\x82|\x9e;.\xab\x81\
v\x9e\xab\xb9J\x8a2(\xc8\xaf\xd0\x0f$)\x1a\x96\
\x91\xa8\x01(\xa2\xbb\xcf\x87\x7f\x0cn<]7\x9d>\
b\xb3^\xe7\xf8\xb9\xed^&o\x9b\xe0\xf2L,\xb1\
\x98\xd9\xf2\xc2'E\x0a\x151\x13T\xe9\xab\xb3\x89\xb6\
\xb4\x9a\xf2a\x1c1\xb4\x8ez\x00+z\x1f\x87^#\
\x9bk\xa6\x933\xaf^\x95\xf4\xcf\x87|\x0f\xa5\xe8\x90\
$\x16\xb6k#vgP\xcd\x9f\xadv\x10xGT\
\x91\x03Eb\xe5~\x82\xbf\x9d3\x0f\x181x\x8a\xae\
\x19V\x13\x9a+\xab\xbe\xbf$}\x8d\x0e\x1b\xe6JU\
e\xaf\x91\xf2V\xb7\xe1?\x14\x5c\xc3\x1c'J\xb8\x8a\
\xd21\x95L\x0c{\xd7\x1due=\x8c\xcd\x1c\xd1\xb4\
n:\x82+\xeey\xbc\x1f\xaa\xa2\x93%\x8b\x81\xf4\xae\
K\xc4\x1e\x09\xd3\xb5\x8bym\xee\xad\x11I\xe0\xb2\xa8\
V\xfc\xeb\x93+\xf1c\x13\x97\xca4\xb3\x1c\x17$\x1b\
\xdd_\xefw\xdc\xbcO\x0e\xf3.hO_3\xe4K\
[\x89,\xee\x92X\xd9\x91\xd4\xf0A\xe6\xb6<I\xa9\
\xc5\xad\x1bk\xd06\xcf \xdb \xfa\x0e+\xa6\xf8\x8b\
\xf0\xb6\x7f\x0a\xc8\xd7V\xa1\xa5\xb4\xea{\xed\xaf<V\
\xe4\x02k\xfa\x1b+\xc6\xe08\x824\xf3\x5c\x14\xefm\
<\xfc\xd3G\xc8V\xa7W\x0a\xdd\x1a\x8a\xc2\xd1KI\
_Vq\x85\x14Q@\x8f\x9d\xbfi\xcf\x8b\x9e-\xf8\
q\xe2\x8d\x1a\xd3\xc3\xda\xaa\xd8[\x5cX\x99\xa4Ck\
\x0c\xbb\x9f\xcdu\xce]\x18\x8e\x00\xe9\xe9^5\xff\x00\
\x0dC\xf139\xff\x00\x84\x8d\x7f\xf0]k\xff\x00\xc6\
\xab\xbc\xfd\xb2\xb4\xfb\xbb\xcf\x19x}\xa0\xb6\x9at]\
4\x82c\x8c\xb0\x07\xce~8\x15\xf3\x9c\xf6\xd2\xda\xc8\
c\x9a'\x86A\xce\xd9\x14\x83\xf9\x1a\xfcW8\xc6\xe2\
\xe9\xe3\xebF\x15d\x92}\x1b\xb1\xfa\xfeS\x84\xc3T\
\xc1R\x94\xa9\xc5\xb6\xbb#\xd4\x0f\xedA\xf10\x9f\xf9\
\x18\x97\xff\x00\x05\xd6\xbf\xfcj\xb44\x9f\xda\xfb\xe2\xd6\
\x857\x9dc\xe2\xa5\xb7\x97\xfb\xc3K\xb3'\xf5\x86\xbf\
d\x7fc\x7f\x84\xff\x00\x0a\xb5\x8f\xd9c\xe1u\xee\xb1\
\xe0\xcf\x07^\xea\x93\xe86\xcfqq{\xa5ZI4\
\x8eS\x96vd\xdcI\xf5<\xd7\xe2\x8f\x8a<;4\
\x7f\x1c5x\xa1\xd2\xddl\x07\x88\xa6T\x8d-\xc8\x88\
G\xf6\x92\x00\x03\x18\xdb\x8e\xdd1_?[\x15_\x11\
\x07N\xb5G(\xbe\x8d\xb6\xbe\xe6{\x11\xc1\xe1\xa0\xef\
\x1aQO\xd1\x1d\xe2\xfe\xdf\x9f\x1e\xd5\x81\x1e<`G\
O\xf8\x94\xd8\xff\x00\xf1\x8a\xd5\xb5\xff\x00\x82\x93~\xd1\
\xd6Q\x84\x83\xe2;\xc4\xa3\xfb\xba>\x9e?\xf6\xde\xbf\
^\xfe=\xfc\x1e\xf8Og\xfb<\xfcC\xb8\xd3\xbc\x11\
\xe0\xc8u8\xfc1\xa8=\xbc\xb6\xbaM\xa2\xcc\xb2\x8b\
Y\x0a\xb2\x15L\x86\x0d\x8c\x11\xcek\xf9\xf7\x9bI\xbe\
\xb7\x8d\xa4\x96\xca\xe2(\xd7\xab<L\x00\xfcH\xaf&\
\x96\x0b\x0bA\xde\x95(\xc5\xf9$\xbf#\xadE-\x91\
\xf4\xaf\xfc<\xdb\xf6\x97\xc6?\xe1gM\xff\x00\x82\x8d\
?\xff\x00\x91\xea)\xbf\xe0\xa5_\xb4\x8d\xc2\x14\x97\xe2\
L\x92)\xfe\xf6\x8f\xa7\x9f\xfd\xb7\xaf\x99(\xae\xa9F\
3\x5c\xb2WC>\x84\x93\xf6\xff\x00\xf8\xf7#\x16o\
\x1f1'\xaf\xfcJ\xac\x7f\xf8\xc5a\xeb\x1f\xb6G\xc5\
\xff\x00\x100mC\xc5\x8br\xc3\xa36\x97d\x0f\xe9\
\x0dx\xbd\x15\x8e\x1f\x0bC\x0bS\xdba\xe9\xa8K\xba\
I?\xbdjc:4\xea+N)\xaf4z\xa7\xfc\
5\x07\xc4\xcd\xd9\xff\x00\x84\x8d3\xff\x00`\xeb_\xfe\
5G\xfc5\x07\xc4\xcd\xd9\xff\x00\x84\x89?\xf0]k\
\xff\x00\xc6\xab\xca\xeb\xf43\xe1\x97\x86\xb4\xc9~\x1a\xf8\
JF\xd2m]\xa4\xd1\xec\xdd\x98\xdb!\xdc\xc6\x04$\
\x9e9$\x92s_e\x95\xacneRT\xfe\xb5(\
\xd9_Y?\xf3>\x7f2\x96\x0b-\xa7\x1a\x92\xc3\xc6\
Wv\xd9\x7f\x91\xf2?\xfc5\x07\xc4\xc6\xff\x00\x99\x8d\
\x7f\xf0]k\xff\x00\xc6\xa8o\xda\x83\xe2cu\xf1\x1a\
\x7f\xe0\xba\xd7\xff\x00\x8dW\xdb7^\x17\xd2\xbe\xc97\
\xfcJ,\xc0\xd8\xdf\xf2\xec\x9e\x9fJ\xfc\xd7\xbc\x01n\
\xe7\x00`olc\xebZf\x94\xf1\xb9c\x82\xfa\xd3\
\x9f5\xf6\x93\xe9o3<\xae\xb6\x0b3Sq\xc3\xc6\
<\xb6\xe8\xba\xfc\x8fP_\xda\x8b\xe2j\xb0#\xc4h\
\x08\xe7\xfeA\xb6\x9f\xfcj\xbak?\xdb\xaf\xe3\x8e\x9d\
n\xb0[x\xdf\xc8\x89x\x0a\x9aM\x88\xff\x00\xda\x15\
\xc2~\xcfv\x96\xba\x87\xc7\x8f\x87\x96\xd7\xd0\xc3se\
7\x88,c\x9e\x1b\x84\x0f\x13\xa1\x9d\x03+)\xe0\xa9\
\x19\xc8<W\xed\x07\xed\xd9\xf0\x97\xe1\x96\x93\xfb$\xfc\
I\xbb\xf0\xf7\x83<%g\xac\xc5`\x86\xda}3J\
\xb5K\x84o>0J2&\xe0q\x9e\x9d\xb3_%\
\x8b\xff\x00\x85\x04\xa3\x8c\xfd\xe2_\xcd\xef~w>\x86\
\x9e\x16\x85'zt\xd2\xf4I\x1f\x95\x96_\xf0P\xef\
\xda\x0fO9\xb7\xf8\x80\xc8}\x7f\xb1\xec\x09\xfd`\xad\
%\xff\x00\x82\x99~\xd2\xd1\xae\x17\xe2d\xc0\x7f\xd8\x1f\
O\xff\x00\xe4z\xeb?\xe0\x96^\x0a\xd2\xf5\xdf\xda\xa2\
\x1b_\x16\xe86z\x8e\x8et[\xc60\xebVi-\
\xbe\xf1\xb3i\xc4\x8aWw\x5cw\xeb_K\x7f\xc1_\
>\x1bx3\xc3\xbf\x09|\x0d/\x82\xfc+\xa0\xe9\x97\
\x92k\x8e\xb3\xbe\x83\xa7A\x14\x8d\x1f\x90\xf8\x0cbP\
J\xe7\x1dx\xcds\xd2\xc3\xd1\xa0\xadJ\x0a+\xc9%\
\xf9\x1d\x09%\xb1\xf1\xef\xfc<\xd3\xf6\x96\xe8~&\xcc\
~\xba>\x9e\x7f\xf6\xde\xb3\xaf?\xe0\xa2?\xb4&\xa0\
I\xb8\xf8\x84\xd2\x13\xd7\xfe%\x16\x03\xf9A_<\x5c\
\xd8\xdc\xd9\xed\xfbE\xbc\xb0n\xe9\xe6!\x5c\xfd3P\
S\xabB\x95e\xcbV\x0aK\xcd&\x16G\xbe]~\
\xdd\xdf\x1c\xef\xa1h\xae<q\xe7F\xdc\x15}&\xc4\
\x83\xff\x00\x90+\x98\x93\xf6\xa4\xf8\x9b,\x86F\xf1\x1a\
\x16<\xff\x00\xc86\xd0~\x9eUyU\x15\xb6\x11,\
\x02k\x07\xfb\xbb\xff\x00/\xbb\xf9X\xe7\xa9\x86\xa1W\
Z\x90O\xd5&z\xa1\xfd\xa8~&\x1f\xf9\x98\xd7\xff\
\x00\x05\xd6\xbf\xfcj\xbd\x0f\xe0\x07\xc7O\x1cx\xeb\xe2\
\xc6\x8d\xa2\xebZ\xca^i\xb7\x11\xdd4\xb0\xfd\x8a\xde\
=\xdb-e\x91~d\x8c0\xc3\x22\x9e\x0fj\xf9\xaa\
8\xdai\x15\x11K\xbb\x1c\x05Q\x92O\xa5{\x17\xec\
\xb5\xa4\xdf\xda\xfcr\xf0\xfc\xb2Y\xdcE\x1a\xc3{\xb9\
\xde\x22\xa0f\xceq\xd4\x8a\xf7\xf08\xecd\xf1T\x93\
\xab&\xb9\xa3\xf6\x9fu\xe6y\xd8\xcc\x1e\x16\x18j\x8d\
R\x8a|\xaf\xa2\xec}\xbdE\x14W\xee\xa7\xe2\xc0@\
n\xa35\xf2\x07\xedA\xe0_\x11x\x83\xe2\xc5\xcd\xde\
\x99\xa0\xea7\xf6\x7fc\xb6A=\xb5\xab\xba\x12#\x19\
\x19\x03\x1c\x1a\xfa\xfe\x91\xab\xc5\xcd2\xc8f\x94U\x19\
K\x96\xce\xff\x00\x83_\xa9\xeb\xe5\xb9\x8c\xb2\xda\xae\xac\
c\xcduo\xcb\xfc\x8f\xcc\xfb\xc6\xd5t[\xa9,n\
Z\xee\xca\xe2\x03\xb1\xed\xe4gF\x8c\xfa\x15=+\xfa\
\x17\xf0\x8f\xc5\xef\x86\x1f\xf0\xa5t[F\xf1\x8f\x85N\
\xa3\xff\x00\x08\xf41\x18N\xa5le\xf3~\xcc\xa3n\
7gvx\xc7\x5c\xd7\xe2\xb7\xc6O\x81>;\xf1G\
\xc5_\x11jZG\x87no\xaco.\xbc\xc8&\x8d\
\xe3\xc3\x82\x07\xabz\xfa\xd7\x8di6\xef\xa0\xf8\xca\xce\
\x1dA~\xcb%\x95\xfa%\xc2\xc9\xff\x00,\xcaH\x03\
\x03\xf4\xc1\xfc\xab\xf0\xfcE\x09\xe1\xea:sMY\xbd\
\xd5\x8f\xd8\xf0\xf5\xe1\x88\xa6\xa7\x16\x9d\xd2\xd8\xf6\xef\x81\
\xdf\x0b\xbe#h?\x1e\xbc\x05\xaa\xeb>\x15\xf16\x9f\
\xa1\xd9\xf8\x92\xc6\xea\xf2\xf6\xfa\xc2\xe2;xm\xd2\xe5\
\x1aI$v]\xaa\x81A$\x9e\x00\x075\xfa\xb7\xfb\
xx\xdb\xc1_\x11?d\xdf\x88>\x1d\xf0n\xb9\xa1\
\xf8\x93\xc4\xd7\xd6\xf6\xcbg\xa5\xe8\x970\xdc\xdd\xceV\
\xee\x17a\x1cq\x92\xcd\x84Vc\x81\xc0\x04\xf4\x15?\
\xc7O\xdbc\xe0W\x89>\x00\xfc@\xd1t\xcf\x89\xda\
\x0d\xe6\xa9}\xe1\xab\xfbKkX\xe6b\xf2\xcc\xf6\xae\
\xa8\x83\xe5\xeaX\x81\xf8\xd7\xe4\xa7\xec\x13\xe3}\x07\xe1\
\xbf\xedm\xf0\xfb\xc4\x9e&\xd5m\xf4M\x0a\xc2{\x97\
\xba\xbe\xbab\xb1\xc4\x1a\xd2tRO\xbb2\x8f\xc6\xb9\
\x8e\x93\xca|I\xf0\xa7\xc6\x9e\x0d\xd3\x7f\xb45\xef\x09\
kz-\x86\xf1\x1f\xdau\x0d>X#\xdcs\x85\xdc\
\xca\x06N\x0f\x1e\xd5\xcbW\xeb\x87\xfc\x15\x0f\xf6\xa2\xf8\
Q\xf1\x83\xf6e\x8fA\xf0_\x8e\xf4\x9f\x11k\x0b\xae\
\xda\x5c\x9b;)\x0bI\xe5\xaaJ\x19\xb0G@X~\
u\xf9\x1f@\x05\x14W\xa6|3\xfd\x9b~$\xfcb\
\xd0\xe7\xd6<\x1d\xe1y\xb5\xbd6\x0b\x83k%\xc4w\
\x10\xc6\x16P\xaa\xc5p\xee\xa7;]O\x1e\xb5\x8dj\
\xd4\xb0\xf0\xf6\x95\xa4\xa3\x1e\xed\xd9~\x22\xbd\xb70\xf4\
\x0f\x83\xbe;\xf1V\x93\x06\xa9\xa3x7]\xd5t\xd9\
\x8byW\x96zt\xb2\xc4\xfbX\xa9\xc3*\x90pA\
\x1fPk\xf6k\xf6y\xf0\xb2i\x7f\x01\xfe\x1e\xd9\xea\
zX\xb6\xd4 \xd0\xac\xa3\xb8\x82\xea\x0d\xb2\xc7 \x85\
C+\x022\x089\xe0\xd6/\xeco\xe0]\x7f\xe1\xaf\
\xec\xe3\xe1/\x0d\xf8\x9bNm+Z\xb17\x9e}\xa3\
\xc8\x8eS}\xdc\xd2/(J\xf2\xae\xa7\x83\xde\xbd\xa4\
\x0e\xb9\x15\xf8O\x12q5leIa(\xe9\x18I\
\xdaQ{\xa5u\xe8pVj\xa7\xba\xd5\xeccj\xda\
\x0d\x83\xe9W\x8a\x9a|\x05\xcc.\x14,C9\xdaq\
\x8e+\xf0\xff\x00[\xf8\x17\xf1\x17O\xfb}\xed\xcf\x81\
<Eoe\x07\x994\xb7\x12is*$k\x92Y\
\x89\x5c\x00\x00\xcek\xf7kh\xaeW\xe2\xb6\x93y\xaf\
|/\xf1\x86\x99\xa7@n\xb5\x0b\xdd\x1a\xf2\xda\xde\x05\
`\x0c\x92<\x0e\xa8\xb9$\x01\x92@\xe4\xe2\xb8\xb2\x1e\
%\xc4e\xb5\x1d9\xfb\xean:\xc9\xed\xfd\x5c\x9a6\
\xa5\xf0\xad\xcf\xc1\x05f\x8d\x83)*\xcar\x088\x22\
\xbe\x85\xfd\x83|Qo\xa4\xfe\xd7_\x0do5\xcdV\
;=&\x1b\xf9\x1a\xe2{\xfb\x80\x90\x22\xf9\x12\x8c\xb9\
c\xb4\x0c\xe3\xads\x1e4\xfd\x91\xfe.|=\xf0\xcd\
\xf7\x88|C\xe0\xdb\x8d;F\xb1P\xf77Mun\
\xe25,\x14\x12\x12Bz\xb0\x1c\x0e\xf5\xe4\x15\xfd\x03\
G\x11G\x13\x1ez\x13R]\xd3O\xf2=\x14\xd3\xd8\
\xfd\xb3\xff\x00\x82\x97x\x9b\xc3\xdf\x14?fY\xf4O\
\x87:\x9e\x9b\xe2\xaf\x11\x9d^\xd2a\xa7\xf8jx\xee\
\xee\xfc\xa5\xdf\xbd\xf6BKm\x19\x198\xc0\xc8\xaf\x9d\
\xff\x00\xe0\x94\xba}\xf7\xc2?\x8a\x1e5\xbe\xf8\xa1m\
?\x83\xf4\xcb\xad\x19 \xb4\xb8\xf1R5\x9c2\xca'\
V(\x8d>\x01m\xa0\x9c\x0ep+\xc1\xff\x00\xe0\x98\
\xbf\x13\xfc)\xf0\x8f\xf6\xa0\x87\xc4\x1e2\xd7m<;\
\xa3.\x8fy\x01\xbc\xbdb\xb1\xf9\x8d\xb3j\xe4\x0e\xa7\
\x07\xf2\xaf\xa3\xbf\xe0\xac\xff\x00\xb4w\xc3?\x8d_\x0a\
\xbc\x13\xa7\xf8\x1b\xc6z_\x89\xafl\xf5\xa7\x9e\xe2\x0b\
\x19\x0b4q\x98\x1dw\x1c\x81\xc6H\x15\xd02_\xf8\
+U\x8c\x7f\x1a5\x0f\x87/\xf0\xce\xdd|m\x1d\x84\
W\xabz\xde\x17A|-\xcb\x98\xb6\x09<\x9d\xdbs\
\xb5\xb1\x9e\xb85\xf9\xa5\xe2\x8f\x06k\xfe\x09\xbc\x8a\xd3\
\xc4:&\xa1\xa1\xddJ\x9ejA\xa8\xda\xbc\x0e\xc9\x92\
7\x00\xe0\x122\x0f>\xd5\xfa\x0d\xff\x00\x04\x8f\xf8\xfd\
\xf0\xef\xe0\x8e\x9b\xf1\x1d<w\xe2\xed7\xc3\x0d\xa8K\
dmV\xfeB\xa6`\x82]\xc5p\x0fM\xc3\xf3\xaf\
9\xff\x00\x82\xae|`\xf0g\xc6o\x8e\x1e\x1a\xd5\xfc\
\x11\xe2;\x1f\x12\xe9\xb6\xfa\x0a[Ksb\xe5\x95$\
\x13\xca\xdbN@\xe7\x0c\x0f\xe3@\x1f\x13S\xa2\x8d\xe6\
\x91#\x8dK\xc8\xe4*\xaa\x8c\x92O@)\xa0d\x80\
+\xdbl\xff\x00d\xff\x00\x8a\xfe\x1d\xbe\xd15=G\
\xc23Z\xd9K,W\x11\xca\xd7\x96\xe7rd6p\
$\xcfJ\x22\xd4\xaa\xc6\x8d\xfd\xe9l\xba\xbfE\xd4\xca\
\xadXQ\x8b\x9c\xdaK\xcc\xc7\xf8O\xf0\xdf\xc5\x9ao\
\xc5/\x07\xde]xkU\xb7\xb6\xb7\xd6-%\x96i\
\xac\xe4TEY\x90\x96bG\x00\x01\xcd}\xda\x14/\
 `\xd2\x9aJ\xfd\xd3)\xcaa\x95Fq\x8c\xb9\xb9\
\xbb\xf9\x1f\x8e\xe6y\xa4\xf39FR\x8f/(QE\
\x15\xef\x9e\x18R5-\x04\xe2\x80\x126)\x227\xf7\
X\x1f\xd6\xbeW\xd4\xbfb\x8f\x89\xbe>\xf1n\xb5}\
\xa2[iW\x91]^Mp\x99\xd4\xa3\x8d\xb6\xbc\x84\
\x8c\x86\xc1\xcf5\xf58\x05\x9b\x03\xbd{\xa7\xc1\xcf\x87\
\x92\xd8\xed\xd5/w\xc4\xe7\x94L\xe3\xe9\x9a\xfc\xa7\xc4\
<n\x13.\xcb>\xb7V|\xb5#\xa4S\xd7\x99\xf6\
\xb6\xfd;\x9fW\xc3\xf8\x9a\xf4k8R\x8d\xe3+_\
\xe4~x'\xfc\x13_\xe3\x94\x8c\xa8\x9a>\x92\xccO\
O\xedx\x07\xf35\xb5\x0f\xfc\x12\x93\xf6\x89\xb8\x84I\
\x0f\x874\x99T\xf4\xdb\xad\xdb\x7f\xf1U\xfa\xb4\xacT\
\xe4V\x9e\x97\xe2k\xfd'\xfdD\xc7\x1e\x8cs_\xcb\
\xb8.=\xa8\xe5le%o\xee\xdd~m\x9f\xa6\xc6\
\xb3\xea\x8f\xc9\x7f\xf8t\xdf\xed\x1c\xcb\x9f\xf8Ft\xb0\
\x7f\xbb\xfd\xb5m\x9f\xfd\x0a\x98\xdf\xf0J\x1f\xda*8\
\xcb\xc9\xe1\xad*0:\xee\xd6\xad\xbf\xf8\xba\xfd~\xff\
\x00\x85\x8d\xadg\xfdl\x7f\xf7\xc0\xaa\x1a\x9f\x8b5\x1d\
Yq4\xd8\x1f\xecq^\xd5n:\xc0\xc6\x0d\xd2\x83\
l\xbfl\x8f\xc7Y\x7f\xe0\x9a\x7f\x1c\xad\xe41\xcb\xa3\
i1\xb0\xed\xfd\xaf\x01\xfeLk\xee\xaf\xd8_\xe0\x8f\
\x8a>\x03\xfc!\xd4\xbc?\xe2\xe8-\xed\xb5;\x9dj\
k\xf4Kk\x85\x98\x08\x9a\x18\x10e\x97\x8c\xe6&\xe3\
\xe9_E\x12_\x9694\x9fv\xbf=\xcd\xb8\xaf\x17\
\x9b\xd0\x96\x16\xa4\x22\xa0\xdaz^\xfa|\xff\x00C\x09\
UrV\x16\x8a(\xaf\x893\x0a\x0d&\xea\x1a\x81\x1e\
c\xfbMx\x13W\xf8\x99\xf0\x1f\xc6>\x17\xd0!\x8e\
\xe7X\xd4\xedR+x\xa5\x95bVa4lr\xcd\
\xc0\xe1OZ\xfc\xd5?\xf0M\xcf\x8d\xe1w\x7fc\xe9\
G\xfd\x9f\xedXs\xfc\xeb\xf5\xe5i\x0f\xde\xaf\xae\xca\
8\x9b\x19\x93a\xe5\x87\xc3\xc2-7}S\xde\xc9t\
k\xb1q\xa8\xe0\xac\x8f\xc9\x9d7\xfe\x09{\xf1\xf7V\
]\xd6\x9a\x16\x93)\xfe\xef\xf6\xcd\xb8?\xabV\x8a\xff\
\x00\xc1&\xff\x00h\xe7R\x7f\xe1\x19\xd2\xc7\xb1\xd6\xad\
\xbf\xf8\xba\xfd\x5c\x86\xea[V\x0f\x14\x8c\x8d\xea\xa7\x15\
\xbb\x07\xc4\x0db\x15\x0a&R\x00\xc7*+\xef0\x5c\
{JQ\xb62\x95\x9f\x96\xc7Dk\x7f1\xf9\x0c\x9f\
\xf0I\xbf\xda9\xba\xf8gKO\xf7\xb5\xabo\xfe.\
\xb3\xf5\x0f\xf8%\xdf\xc7\xfd/&\xf3A\xd2`\x03\xfb\
\xda\xd5\xb9\xfeLk\xf6&O\x88:\xcc\xcaT\xcc\x80\
w\xc2V\x0d\xd5\xe4\xd7r3K#HI\xcf\xccs\
U\x8c\xe3\xca1\x87\xfb\x1d;\xbf0\x95n\xc7\xe3\xfc\
\x9f\xf0N?\x8dv\xb9yt\x9d%#NK\x9dZ\
\x1c\x7f:\xfb7\xc6\xde$\x93T\x8fL\xd3\x8b)\x8f\
O\xb7\x8e\x1f\x94\xe4nT\x0a\xdc\xfdE};\xadi\
q\xebZl\xf6\x92\xb3*H\xb8\xca\x9c\x1a\xf9o\xc7\
\x1e\x0d\xbb\xf0\x9e\xa8Ref\x89\xc9)!\x1c\x1e\xf8\
\xaf\xd1<5\xcep\xf9\xeea\xed3\x07\x18\xd6\xa7~\
D\x93\xebk\xbd[\xbb\xd0\xf8\xae\x22\xad^tTb\
\xbd\xde\xa79E&\xeaQ\xc8&\xbf\xa9\x8f\xce\x82\x8a\
(\xa0\x02\x91\xa9r)cO:EE\xe4\xb1\xc5D\
\xe4\xa9\xc5\xce[!\xa5wdw_\x09\xbc\x12|O\
\xac\x09\xe7S\xf6X\x08f\xff\x00k\x9e\x95\xf4\xbc0\
\xa5\xbcI\x1cj\x15\x10m\x02\xb9o\x86~\x19\x8f\xc3\
~\x1c\x85B\xe2I\x06\xf6?^k\xad\xeak\xfc\xfd\
\xf1\x0b\x89g\xc4\x19\xbc\xf9e\xfb\xaan\xd1_\x9b?\
R\xca\xb0k\x09A_\xe2{\x8fn\xdfJJZJ\
\xfc\xb8\xf7B\x8a(\xa0\x02\x8a(\xa0\x02\x83\xd2\x8c\x8a\
\xe1>/|\x5c\xd2>\x10\xf8m\xb5MM\xf7;q\
\x0d\xb882\x11\xd4\x0a\xda\x8d\x1a\x98\x8a\x8a\x95%y\
=\x90$\xe4\xec\x8e\xe6\x97p\xc8\x15\xf2\xb7\x81\x7fo\
o\x0fx\xb3\xc4\x90i\x97z<\xdaLS>\xd1s\
,\xa1\x94~\x02\xbe\xa4\xb5\xb8\x8e\xee\x18\xa7\x8c\xee\x8e\
E\x0e\xad\xea\x08\xc8\xae\xccf]\x89\xcb\xda\x8e&\x1c\
\xad\x8eT\xe5\x0d$\x89\xa8\xa5\xa4\xaf4AE\x14P\
\x01CQA\xa0Lmr\xde?\xf0\x94^*\xd0\xa5\
\x81\x80\x13\xaa\x93\x1b\xe3\xa1\xae\xa7i\xa4a\xc6\x0fJ\
\xf4r\xfcul\xb7\x15O\x17BV\x94\x1d\xd1\x85Z\
q\xad\x07N{3\xe2\xfb\xeb\x194\xfb\xa9 \x95J\
\xba1\x185\x05z\x8f\xc7\x1f\x0a\x8d/VMB%\
\xc2\x5c\x12\x0e;b\xbc\xba\xbf\xd1\xde\x1d\xce)\xe7\x99\
e\x1cu7\xf1-|\x9fS\xf2<]\x07\x86\xad*\
O\xa1#QCv\xa2\xbe\xa0\xe3#\xae\x9f\xe1\xbe\x90\
u\x8f\x15X\xa1\x19E\x90\x16\xe3\xb5r\xf5\xea\xbf\xb3\
\xfd\x8a]k\xd7n\xd8\xcc(\x18\x13\xf5\xaf\x8c\xe3\x0c\
s\xcb\xb2,V!n\xa2\xff\x00\x1d?S\xbf\x01O\
\xda\xe2\xa9\xc3\xcc\xfa\x02\xde/&\x14\x8ctP\x00\xa9\
\x17\xef\x1a(\xaf\xf3zRrm\xb3\xf5\xe4\xba!\xd4\
R\xfaRT\x96\x14Rn\xa3u\x00-#Q\xba\x8d\
\xd4\x08J\xf9_\xf6\xf6\xf0.\xaf\xe2\xcf\x06\xe8\xf7z\
l\x12O\x16\x9f+\xc98N\xc0\x8c\x0a\xfa\xa4\x9a\x8a\
\xe2\xde+\xa8\x9a)\xe2I\xa3n\x0a\xba\x82\x0f\xe7^\
\x9e]\x8dy~*\x18\x98\xab\xb8\x95\x09rII\x1f\
\x8e\xde\x04\xf0\x1e\xb9\xe2\xef\x15Y\xe9\xdam\x94\xcfp\
\xd2\x0e\x8aF1\xd7\x9f\xc2\xbf^\xfc5i%\x86\x83\
\xa5\xdbH\x08\x92\x1bh\xd1\xb3\xea\x14\x03\xfa\xd2\xda\xf8\
wJ\xb1\x90Ko\xa6\xd9\xc1/\xfc\xf4\x8e\x05V\xfc\
\xc0\xad\x15m\xb8\xafg=\xcf^r\xe0\xb99T~\
f\xb5\xab{f\xb4\xb0\xea(\xa2\xbeL\xc4(\xa34\
\x9b\xa8\x01h\xa4\xddF\xea\x04-\x14PFh\x19\xc2\
|_\xd1\x7f\xb5|#r\xc0fHFW\x8fz\xf9\
\x85\x94\xab\x15=A\xc5}\x91\xaeY\xae\xa1\xa5\x5c\xc0\
\xf8\xda\xc8z\xfd+\xe3\xdb\xc5\xf2\xef\xa7Q\xd1da\
\xfa\x9a\xfe\xc2\xf0W0\x95l\x0e#\x06\xf6\x83M|\
\xff\x00\xe1\x8f\xcf\xb8\x8a\x8f-X\xd4\xee1\xbbQM\
\xa2\xbf\xa5\x0f\x90\x19^\xc1\xfb:\xff\x00\xc8kT\xff\
\x00\xaeK\xfc\xeb\xc8+\xd5\xbfg\xdb\xd4\xb5\xf1\x05\xea\
1\xe6T\x00~u\xf9\xbf\x88Q\x95N\x19\xc5\xa8-\
y\x7fTz\xd9SK\x1bN\xfd\xcf\xa1\x07J)2\
)s_\xe7\x89\xfa\xd0R5-\x14\x00\xda+\xc7\xff\
\x00h\xaf\x88\x1a\xef\x80t\x9d.\xe3C\x99ay\xa5\
e\x94\xb2\x06\xe0\x0c\x8e\xb5\xe0\xc7\xf6\x98\xf1\xe7O\xed\
\x08\x7f\xef\xc2\xd7\xbb\x85\xca+\xe2\xe9*\xb0j\xc7\xd8\
\xe5\xbc+\x8c\xcd0\xcb\x13FJ\xcf\xbb>\xd8\xa5,\
\x0dy\x9f\xecs\xe3\xcb\xff\x00\x8b\x9a\xe6\xb5e\xe2Y\
V\xe3\xec\xf0\xa3BcP\x9c\x96\xc1\xe9\xd6\xbe\xb0\xff\
\x00\x85m\xa2\x7f\xcf\x17\xff\x00\xbe\xcd}\x06\x1f\x83q\
\xf8\x9aj\xa4%\x1bz\x9e&?*\xaf\x96\xd7xz\
\xd6r]\x8f\x1b\xa2\xbd\x97\xfe\x15\xb6\x8d\xff\x00<_\
\xfe\xfb4\x7f\xc2\xb6\xd1\xbf\xe7\x8b\xff\x00\xdff\xba?\
\xd4l\xcb\xbc~\xff\x00\xf8\x07\x9f\xecY\xe3TW\xb2\
\xff\x00\xc2\xb6\xd1\xbf\xe7\x8b\xff\x00\xdff\x8f\xf8V\xda\
7\xfc\xf1\x7f\xfb\xec\xd1\xfe\xa3f]\xe3\xf7\xff\x00\xc0\
\x0f`\xcf\x1a\xa4\xcf8\xef^\xca~\x1b\xe8\xab\xd6\x17\
\xff\x00\xbe\xcdT\xd4\xbc\x07\xa2Y\xd8]O\xe50\xf2\
\xe3f\xc9s\xd8dR|\x0f\x99E6\xe5\x1f\xbf\xfe\
\x00\xd6\x1eM\xd8\xf2j+\xe3o\x11~\xd2>4\xb5\
\xd7u\x08-\xafa\x8e\x08\xa7\x91\x11|\x95?(b\
\x05V\xb0\xfd\xa4\xbcws{\x04?m\x85\xf7\xba\x8c\
\x0bu\xe9\x91^\x0b\xe1\xfc\x5cwkC\xee\x7f\xd4\x8c\
\xc5S\xf6\x8eQ\xb5\xaf\xbf\xfc\x03\xed**\xa6\x973\
\xdci\xb6\x92\xcb\xfe\xb2H\x95\x9b\xea@\xabx5\xf3\
OGc\xf3\xe6\xb9[C\xdb\xb7\xd2\x92\x94\xf6\xa49\
\xedH}\x0a\xf7\x7f\xf1\xeb7\xfb\x8d\xfc\xab\xe3]C\
\xfeB7_\xf5\xd5\xbf\x99\xaf\xb0\xf5\x8b\xc4\xb1\xd3n\
&\x7f\xba\xa8\x7f\x95|w|\xdee\xf5\xc3\x0eA\x91\
\x8f\xeak\xfa\xb3\xc1\x08K\xfd\xb2}=\xdf\xd4\xf8^\
$\x95\x9d5\xeaG\xb6\x8a\x1b\xb5\x15\xfdT|H\xca\
\xea\xfe\x18\xea\xff\x00\xd8\xfe-\xb2c\xf7\x19\xc0o\xa5\
r\xbbrq\x9a|\x12=\xbc\xc9\x22\x1c\x159\xcdy\
\x19\xb6\x0a9\x86\x06\xb6\x16J\xeaQh\xda\x8dGJ\
\xacj.\x87\xda\x10\xc9\xe7F\xae:0\xc8\xa9>\x95\
\xcb|;\xf1\x1c~\x22\xf0\xed\xbc\xaa\xfb\x9e5\xd8\xc3\
\xbf\x1f\xfe\xaa\xeaW\xef\x1a\xff\x004\xf3,\x0d\x5c\xb7\
\x19S\x09YZPm\x1f\xb0\xd1\xa8\xabR\x8dH\xbd\
\x18\xf3\xda\x92\x8aF\xaf0\xe8{\x1eo\xf1\xe7\xc2\xe3\
\xc4\x9e\x01\xbde\xe6ku/\x18\xc7$\xf1_\x0d\xcd\
\x1bC+\xa3\x02\x0a\x92\x0ek\xf4\x8e\xfe\xce=B\xce\
[yWtr.\xd2+\xe1/\x8b~\x03\xba\xf0?\
\x8a\xae\xa1\x91\x18\xdb\xca\xe6D\x93\x18\x1c\x92q_q\
\xc3\xf8\x95iP\x93\xf4?b\xe0\x5c\xc2<\xb3\xc1M\
\xeb\xba7\xbff\xbf\x89?\xf0\xad\xfe'i\xb7sM\
\xe5i\xf3H\x12\xe3\xdd{~\xb5\xfa\xb3\xa5\xea1j\
\xd6\x16\xf7\x906\xe8\xa6E\x91H\xf4#5\xf8\xa2\xae\
c`\xc0\xe1\x94\xe4W\xdd\xbf\xb1\xff\x00\xed9ku\
\xa7'\x85\xbcK|\xb0\xddG\xf2\xdbK!\xfb\xfe\x8b\
\xed\x81_\xabe8\xc8\xd2~\xc6{3\xd2\xe2\xfc\xa2\
U\xd2\xc6\xd1Z\xad\x19\xf6p\xe8)j+y\xe3\xb8\
\x85$\x89\xd5\xd1\x86C)\xc85-}\xa9\xf8\xf8Q\
E!\xa4\xc0F\xc7\x15\xe1?\xb5\xb7\xc5(>\x1e|\
3\xbd\x86;\x81\x16\xa5~\xa5-\xc0<\x93\xc6\x7fJ\
\xf5\x0f\x1b\xf8\xfbG\xf0\x1e\x8f>\xa3\xab^\xc7k\x04\
`\x9c\xbf\x7f\xc2\xbf/\x7fh\x1f\x8d\x17\xbf\x18<a\
=\xcb\xb9]:\x16\xdbo\x17n8\xcf\xe3^&e\
\x8c\x8d\x1aN\x11~\xf3>\xc3\x86\xf2z\x99\x86.5\
'\x1fr\x1a\xbf\xf2<\xbe\xe2f\xb8\xb8\x96g?;\
\xb1b}\xcf5\xdd|\x13\xf0\xcbx\x93\xc7V\x11\x95\
\xccH\xf9s\x8e\x9dk\x82\x0aX\xed\x03$\xd7\xd5\xff\
\x00\xb3\x0f\xc3\x99\xb4m>]j\xf26Y.G\xee\
\xd5\x87+\x83\xd7\xf2\xaf\xcb\xf3,J\xc3a\xe5+\xea\
\xf4G\xea\xdcE\x98G/\xcb\xea;\xdaMY\x1e\xf5\
o\x10\x86\xde8\xc7D\x00\x0f\xc0b\xa6S\x95\xa6\xe3\
\x02\x85\xe35\xf9I\xfc\xcb}n:\x83\x9e\xd4\x0es\
H[\x14Z\xfa!\xf4\xb9\xc4\xfcZ\xd6\x06\x95\xe1\x1b\
\x90?\xd6\xc80\xbf\x9d|\xba[s\x96=I\xcdz\
\xbf\xc7O\x14-\xf6\xa1\x1e\x9b\x0c\x9b\x84,K\xe3\xde\
\xbc\x9f\xa9\xaf\xef\x0f\x0a\xf2YeY\x14j\xd4\x8d\xa5\
W\xde\xf9t\xfc\x0f\xcb\xb3\xbcG\xb7\xc58\xad\xa3\xa0\
\xea)z\xf6\xa2\xbfe<\x01)\x1a\x96\x91\xa8\x03\xd1\
\xbe\x0e\xf8\xd3\xfe\x11\xfd`Y\xce\xf8\xb6\xb8!z\xf0\
\xbe\xf5\xf4|r,\xaa\x1d\x0e\xe5a\x90k\xe2\xa5c\
\x1b\x06RT\xa9\xc8\x22\xbd\xe7\xe17\xc4\xe5\xbe\x85t\
\xddBP&Q\xb66n\xfe\x82\xbf\x97<V\xe0\xaa\
\x98\x8f\xf8[\xc0\xc2\xed|i~\x7f\xe6}\xa6G\x98\
(\xdb\x0fQ\xfa\x1e\xc2\xdd\xbe\x94\x99\xa4\xf3\x03(9\
\xe3\x14q_\xc9\xadY\xd8\xfb\xb1+\x80\xf8\xb9\xf0\xce\
\xdf\xe2\x16\x8ac \x0b\xa8\xb2clw\xc5w\xf4V\
\xd4kN\x84\xd5H=Q\xd3\x85\xc4\xd4\xc1\xd6\x8dz\
.\xd2\x8e\xc7\xe7G\x89\xbc7y\xe1}Z{\x0b\xd8\
\x1a\x19#?\xc5\xdcv5\x99\x05\xc4\xb6\xb2,\x90\xc8\
\xd1:\x9c\x86RA\x15\xf7O\xc5\x0f\x84\xba\x7f\xc4+\
\x02\xa5V\x0b\xc0\x0e\xc9\x80\xef\xfdk\xe6MG\xe0.\
\xb3\xa1\xeaM\x1d\xf24v\x80\xfc\x93m\xcf\x99\xed\xed\
_\xa5e\xf9\x9d<\x5cT[\xb4\x8f\xe8\x5c\x93\x890\
\xb9\xb5(\xd3\xa8\xf9juG\xa3|\x19\xfd\xb4\xfcG\
\xe0XR\xc3Y\x86MgN\x8f\x0a\x8a\xb8VOr\
{\xd7\xd4\x9e\x1b\xfd\xb3\xfe\x1fj\xd6\xfb\xf5\x0dK\xfb\
-\xf1\x9f-\xd5\x9b\x9fN\x05|m\xa4\xf8^\xc3F\
\x8c\xa40\x82H\xc3\x16\xe75\xa1\xf6;\x7f\xf9\xe1\x17\
\xfd\xf0+\xedhf\x18\x9a\x11\xb5\xee\xbc\xcd\xf1\x9c+\
\x97\xe3g\xed\x1aqo\xb1\xf6\x9b~\xd7_\x0b\x15I\
\xff\x00\x84\x9a6=\x87\x94\xdf\xe1^e\xf1\x03\xf6\xf0\
\xd0\xb4\x9bv\x8f@\xb4\x93U\x99\xf2\x16E8\x0b\xef\
\x82+\xe7\x8f\xb1\xdb\xff\x00\xcf\x08\xbf\xef\x81A\xb3\xb7\
=a\x8b\xfe\xf8\x15\xbdL\xdb\x11%edq\xd1\xe0\
\xbc\xbe\x94\xb9\xa6\xe5%\xd9\xdb\xfc\x8f;\xf8\xa1\xf1\xab\
\xc4\xdf\x15\xb5\x16\x9bY\xbcf\x8dX\x94\x85~P\xa3\
\xd3\x02\xb8/\xa5z\xfe\xa9\xf0\xefO\xd4\xa1\x97\xec\xf1\
4W-\xf7Xd\xe0\xfd+\x7f\xe1\x97\xec\xd7y\xa9\
^-\xf6\xb0\xdeM\xaa\xb6V2>\xfd|\xbe3\x17\
\x0a\x09\xd4\xaf-Ow\x15\x8c\xc1dx{\xca\xd1K\
d\x8e\x7f\xe0\x7f\xc1\xbb\x9f\x1aj\x02\xfe\xf6&\x8fN\
\x88\xe4\x16\x1f|\xd7\xd9\x1a}\x9czu\xacV\xd1(\
T\x8dB\x8c\x0fA\x8a\x8bI\xd1m\xb4;\x18\xadm\
\x22X\xa2E\xc0\x0a\x00\xab\x98\xe9_\x97\xe3\xf1\xf3\xc6\
\xd4\xbf\xd9[#\xf9\xfb<\xce\xea\xe7\x18\x879i\x15\
\xb2\x1dCQ\x9aF#\x15\xe5\x1f4%s\x9e8\xf1\
e\xbf\x85tYn$o\xdf2\x91\x1aw'\xa5j\
kZ\xcd\xb6\x87\xa7\xcdss\x22\xa4h2s_1\
|@\xf1\xc5\xcf\x8cu\x22\xcev[FH\x8d?L\
\xd7\xea\xdc\x03\xc1\xd5\xb8\x97\x1c\xaa\xd5MP\x83\xbb}\
\xfc\xbeg\x83\x9af\x0b\x07I\xc6/\xdeg;\xaaj\
\x12\xea\x97\xd3\x5c\xcc\xdb\x9eF'5Ux\xcd\x184\
\xb8\xaf\xef\xbaT\xa1B\x9ciSV\x8aVG\xe6\x12\
\x93\x93r{\xb1\xc4b\x8a(\xadI\x12\x8a(#4\
\x00\xda}\xbc\xefk*\xc9\x1b\x15u9\x074\xccQ\
\xd2\xb3\x94#Q8\xcd]1\xa6\xd3\xba=\xcb\xe1\xaf\
\xc6\x18\xe6\x8dlu\x89BI\x8c$\xad\xdf\xda\xbd\x8e\
\x19\xe3\xb9\x89$\x89\xc3\xa3\x0c\x82\xa75\xf1Pb\xb8\
#\x83\xeb]\xcf\x82\xfe+j~\x17\x91!\x91\xda\xe6\
\xd3?\xea\xcfQ\xf8\xd7\xf3G\x1axS\x0c\x5c\xe5\x8e\
\xc9\xb4\x97Xt~\x87\xd8e\xf9\xe3\xa7jx\x8dW\
s\xe9\xfa+\x97\xf0\xaf\x8f\xb4\xef\x13[\xa3\xc7\x22\xc6\
\xed\xc6\xd2{\xd7N\x187B\x0f\xd0\xd7\xf2\x967\x07\
_/\xaf,>\x22.2\x8e\xe9\x9fqN\xa4*\xc5\
N\x0e\xe9\x8bQMk\x0d\xc2\xed\x96%\x90\x7f\xb43\
R\xd1\x5cq\x93\x8b\xbcY\xb4f\xe0\xf9\xa2\xec\xce\x17\
[\xf8O\xa6\xdfF\xc6\xcc\xfd\x92fm\xc5\x8f=}\
\xab\x0f\xfe\x14\x9c\x9d\xf5%?\xf0\x0a\xf5j+\xd6\xa5\
\x9bc(\xaeX\xd4>\x9f\x0d\xc4\xd9\xa6\x16<\x94\xea\
\xe9\xe7\xaf\xe6yO\xfc)9?\xe8$\xbf\xf7\xc5I\
m\xf0T%\xc24\xb7\xea\xf1\x83\xca\xec\xeb^\xa5E\
j\xf3\xbcsV\xe7\xfc\x0e\x99qvq$\xe2\xea\xfe\
\x08\xe7t\x9f\x01\xe8\xfa<\xc2Xm\xf3/r\xdc\x8a\
\xe8UV1\x85P\xab\xe88\x14\xb4\xa1r+\xc8\xa9\
Z\xa5gz\x92\xbb>^\xb6*\xbe&\x5c\xd5\xa6\xe4\
\xfc\xd8\xf6\xedLjVj\xafy}\x05\x9c\x0d4\xd2\
\xaa\x22\x0c\xb1&\xb3\x8c\x5c\x9d\xa2\xae\xd9\xcd&\xb7d\
\xdd+\x13\xc4\x9e-\xd3\xbc3k$\xb7\x93\xaa\x1cp\
\xbe\xb5\xe7\xbe.\xf8\xe5mk\xe6[\xe9\x83\xcd\x93\xa0\
\x97\xa0\x1f\x85x\xbe\xb9\xe2+\xef\x10]<\xf7\x93\xb4\
\x8e\xc7\x8fA\xf8W\xef\x5c'\xe1^;6q\xc4\xe6\
W\xa7K{}\xa7\xfeG\xcbc\xb3\xbaT/\x0a\x1a\
\xc8\xde\xf1\xe7\xc4;\xcf\x17^:\xef)h\xa7\xe5@\
k\x8d\xee\x05(\xedK\xb7\x90s_\xd8\x99fW\x85\
\xca0\xf1\xc3a \xa3\x15\xd8\xf8\x1a\xd5\xa7^nu\
\x1d\xd8\xb4QEz\xc6\x01E\x14P\x01E\x14P\x01\
Ct\xa2\x86\xe9@\x0d\xa7F\x86Y\x15\x00$\xb1\xc6\
\x056\xbao\x87\xba;\xea\xde \xb7\xc0\xfd\xdcM\x97\
\xaf\x1f6\xc7C-\xc0\xd6\xc6T\xda\x11o\xee7\xa3\
M\xd6\xa9\x1ak\xab=O\xc3\xbe\x09\xb7\x87\xc3\xd1*\
\x86\x86\xe5\x80`\xf9=\xf9\xad4\x7f\x10h\xcc\x89o\
7\xda\xe2\xee1\xcdo\xc6\xbe\x5cj\x9e\x82\xa9\xdf^\
5\xbd\xd5\xb4k\xd2F\xc1\xfc\xab\xfc\xd8\xc4\xe319\
\xb6:\xadyk)\xb6\xf5\xfb\xff\x00\x03\xf5\xd8F4\
i\xc6+D\x87\xdb\xfc@x6\xad\xfd\x91\x80t\xdf\
\x9c\xe4\xd6\xb5\xbf\x8et\x89\x8a\xaf\xdav\xb9\xfe\x12\xa4\
U&\x8e7\xea\x8a~\xa2\xaa\xdci6\xb7@\x89\x22\
\xeb\xfd\xde+\xcb\xf6\x94\xdb\xd5\x1b\x9d]\xb6\xa9iv\
\xa0\xc72\x90}\xea\xcf\x99\x17\xfc\xf5O\xfb\xe8W\x02\
</`\xa3\xe5Y\x17\xe8\xe6\xab\xb7\x84\xe1,H\x96\
@?\xde4sR{6>c\xd1\xbc\xc8\xbf\xe7\xaa\
\x7f\xdfB\x91\xae!\x8dreL\x7f\xbc+\xce\x7f\xe1\
\x13\x8b\xfe{I\xff\x00}\x1a\x96\x1f\x0a\xdb)>c\
H\xe3\xfd\xf3N\xf4\x97P\xe6Gcw\xe2]:\xc7\
w\x9dp\xab\xb7\xafz\xc7\xbc\xf8\x89\xa7C\xfe\xa1\x8d\
\xc6}\x01\x15\x96\xbe\x19\xb0\x8eEq\x1b\x16\x1e\xaeM\
_\x8e\xce\x08\x90\xa8\x8dq\xdb R\xe7\xa5\xd9\x8a\xe5\
K\x8f\x14k:\xa2\xa8\xb5\xb5kD?\xf2\xd0\x90x\
\xaa\xb2h7\x1a\x84\xbb\xf5\x1b\xb3p\x08\xfb\xa0b\xaf\
\xdb\xdco\xd4'\x80\x1c\x08\xd4\x1c\x01W*\xeaN\xad\
\x09GNW\xa3\xff\x00\x22\x14\x94\x91\xf3\xd7\xc4\x1f\x0f\
\x8d\x07\x5c\x95bR c\xf2\xd7/^\xcf\xf1\x8bI\
K\x8d.;\xb00\xd1\x13\x9a\xf1\xa0\x075\xfe\x83x\
{\x9dK<\xc8(\xd7\xa8\xfd\xf8\xaeW\xf2\xeb\xf3?\
-\xcd0\xcb\x0d\x8a\x92KG\xa8\xe6\xedM\xa5\xa4\xaf\
\xd2\x8f$(\xa2\x8a\x00(\xa2\x8a\x00(\xa2\x8a\x00)\
\x1b\xee\x9a(\xa0\x04\xafH\xf8&\x8a\xfa\xb5\xe1#$\
F1\xf9\xd1E~o\xe2\x1f\xfc\x938\xcf\xf0\xfe\xa8\
\xf4\xf2\xcf\xf7\xb8z\x9e\xcc\xddMb\xeb\xacV\xee\xc4\
\x8e>sE\x15\xfc\x17\x93\xa5\xf5\x8d\xbaK\xf2g\xe9\
\xf5\xfe\x1f\xeb\xb9\xb1\x1f*\x0f\xb5-\x14W\x8f(\xab\
\xbd\x0d_@\xa2\x8a*,\x84\x14QE\x16@\x14Q\
E4\x95\xf6\x03.\xcf\xfeC\xd7\xbf\xee-jQE\
{9\xaa^\xd6\x1a}\x98\xfeH\xce\x87\xc2\xfdY\xcd\
|D\x8d[\xc27\xd9\x19\xe3\xfa\x8a\xf9\xe3\xf8\x8d\x14\
W\xf5\xa7\x82\xcf\xfe\x12+\xaf\xef\xfe\x88\xf8\x8e \xfe\
<}\x05\xa2\x8a+\xfa$\xf9@\xa2\x8a(\x00\xa2\x8a\
(\x03\xff\xd9\
\x00\x00&`\
\xff\
\xd8\xff\xe0\x00\x10JFIF\x00\x01\x01\x01\x00`\x00\
`\x00\x00\xff\xdb\x00C\x00\x06\x04\x05\x06\x05\x04\x06\x06\
\x05\x06\x07\x07\x06\x08\x0a\x10\x0a\x0a\x09\x09\x0a\x14\x0e\x0f\
\x0c\x10\x17\x14\x18\x18\x17\x14\x16\x16\x1a\x1d%\x1f\x1a\x1b\
#\x1c\x16\x16 , #&')*)\x19\x1f-\
0-(0%()(\xff\xdb\x00C\x01\x07\x07\x07\
\x0a\x08\x0a\x13\x0a\x0a\x13(\x1a\x16\x1a(((((\
((((((((((((((((\
((((((((((((((((\
(((((((((((((\xff\xc0\x00\
\x11\x08\x01^\x01^\x03\x01\x22\x00\x02\x11\x01\x03\x11\x01\
\xff\xc4\x00\x1f\x00\x00\x01\x05\x01\x01\x01\x01\x01\x01\x00\x00\
\x00\x00\x00\x00\x00\x00\x01\x02\x03\x04\x05\x06\x07\x08\x09\x0a\
\x0b\xff\xc4\x00\xb5\x10\x00\x02\x01\x03\x03\x02\x04\x03\x05\x05\
\x04\x04\x00\x00\x01}\x01\x02\x03\x00\x04\x11\x05\x12!1\
A\x06\x13Qa\x07\x22q\x142\x81\x91\xa1\x08#B\
\xb1\xc1\x15R\xd1\xf0$3br\x82\x09\x0a\x16\x17\x18\
\x19\x1a%&'()*456789:C\
DEFGHIJSTUVWXYZc\
defghijstuvwxyz\x83\
\x84\x85\x86\x87\x88\x89\x8a\x92\x93\x94\x95\x96\x97\x98\x99\x9a\
\xa2\xa3\xa4\xa5\xa6\xa7\xa8\xa9\xaa\xb2\xb3\xb4\xb5\xb6\xb7\xb8\
\xb9\xba\xc2\xc3\xc4\xc5\xc6\xc7\xc8\xc9\xca\xd2\xd3\xd4\xd5\xd6\
\xd7\xd8\xd9\xda\xe1\xe2\xe3\xe4\xe5\xe6\xe7\xe8\xe9\xea\xf1\xf2\
\xf3\xf4\xf5\xf6\xf7\xf8\xf9\xfa\xff\xc4\x00\x1f\x01\x00\x03\x01\
\x01\x01\x01\x01\x01\x01\x01\x01\x00\x00\x00\x00\x00\x00\x01\x02\
\x03\x04\x05\x06\x07\x08\x09\x0a\x0b\xff\xc4\x00\xb5\x11\x00\x02\
\x01\x02\x04\x04\x03\x04\x07\x05\x04\x04\x00\x01\x02w\x00\x01\
\x02\x03\x11\x04\x05!1\x06\x12AQ\x07aq\x13\x22\
2\x81\x08\x14B\x91\xa1\xb1\xc1\x09#3R\xf0\x15b\
r\xd1\x0a\x16$4\xe1%\xf1\x17\x18\x19\x1a&'(\
)*56789:CDEFGHIJ\
STUVWXYZcdefghij\
stuvwxyz\x82\x83\x84\x85\x86\x87\x88\x89\
\x8a\x92\x93\x94\x95\x96\x97\x98\x99\x9a\xa2\xa3\xa4\xa5\xa6\xa7\
\xa8\xa9\xaa\xb2\xb3\xb4\xb5\xb6\xb7\xb8\xb9\xba\xc2\xc3\xc4\xc5\
\xc6\xc7\xc8\xc9\xca\xd2\xd3\xd4\xd5\xd6\xd7\xd8\xd9\xda\xe2\xe3\
\xe4\xe5\xe6\xe7\xe8\xe9\xea\xf2\xf3\xf4\xf5\xf6\xf7\xf8\xf9\xfa\
\xff\xda\x00\x0c\x03\x01\x00\x02\x11\x03\x11\x00?\x00\xadE\
\x14W\xdf\x9f\x0e\x14\xdau6\x80\x0a(\xa2\x90\x05\x14\
S\x91K}\xda\x5c\xdc\xa06\x8a\x97\xc8\x7fJa\x04\
\x1c\x1a\x98\xd4\x8b\xd9\x8f\x94m\x14QZ\x08(\xa2\x8a\
@9h\xa1h\xa6\x01E\x14P\x01E\x14P\x01E\
\x14P\x01E\x14P\x01E\x14P\x01E\x14P\x01E\
\x14P\x01M\xa7Sh\x00\xa2\x8a)\x00\xec\xd3jD\
\x89\x9b\xee\xd0ap2Eg\xed\xa1\xb5\xc7\xca\xc8\xe8\
\xa2\x8a\xd4C\x96\x8aj\xd3\xa8\x00\xa2\x8a(\x00\xa2\x8a\
(\x00\xa2\x8a(\x00\xa2\x8a(\x01\xb4QO\x863#\
aFjg%\x08\xf30\x8f\xbchh\xfac\xde\xcb\
\x81\xd0Wki\xa4YZ\xc3\x99\xd5\x09\xfa\xd6lS\
\xc5\xa4\xe9\xea\xe0\x02\xee9\xaen\xff\x00U\x9e\xe2B\
VG\x03\xd2\xbe*\xb5<voU\xaaR\xe4\x82\xeb\
\xdc\xf4`\xe9a\xd6\xaa\xec\xed<\xcd(6\xdf(~\
u\x05\xce\x91iv\x84\xdb\x84\x07\xeb\x5c7\x9f.s\
\xe6\x1a\xb3c\xa9\xcfo&L\x8eG\xa57\x90bh\
.z5]\xfc\xee/\xadBzJ\x22\xeazt\xb6\
r\xb6y\x19\xedY\xf5\xd9%\xec:\xa5\xab\x87P\x8e\
\x83\x8c\xf7\xaeR\xf2\x06\x82R\x08\xc5{\x99^2\xac\
\xd3\xa3\x88V\x92\xfcNj\xd4\x92\xf7\xa3\xb1\x05\x14Q\
^\xc9\x80\xe5\xa2\x9bE0\x1dE6\x9d@\x05\x14Q\
@\x05\x14Q@\x05\x14Q@\x05\x14Sh\x01\xd4S\
h\xa0\x07QE6\x80\x1dM\xa2\x8e\xa7\x8a\x00z)\
\x91\xb0\x05t\xba.\x80\xd3\x01,\xc4l=\x8dC\xa0\
Z\x22E\xf6\x89\xb1\xf2\xf64j\xba\xd9b\xc9m\xf2\
\x0fj\xf9\x9c~'\x13\x8b\xa8\xf0\xf8M-\xbb;)\
S\x855\xcf3\xa6x4\xcb8\xc0t\x04\xfb\x1a\x92\
\x184\xc9\xc6\x04i\xcf\xbdy\xd3\xdd\xcf!\xe6W4\
\xa9w:\xf4\x95\xc5y\xaf\x86+\xb8\xdf\xdb>o\x99\
\xaf\xd7!\x7f\x87C\xab\xd7<:0\xf2\xda\xe0'\xb5\
r\x13Db\x90\xa9\xea+\xa7\xf0\xfe\xb8I\x16\xf7\x1c\
\x83\xdc\xd5?\x11\xd9\x85\x91\xae#\xfb\x8c{W^U\
\x89\xc4\xe0\xeb}O\x16\xef\xd9\xf73\xad\x08T\x8f=\
3\x01i\xd4Q_Zq\x05\x14Q@\x05\x14Q@\
\x05\x14Q@\x056\x9dM\xa0\x02\xb5<9\xe5\xfd\xb7\
\xf7\x9d1Yu=\xbc\xbeI\xc8\xeb\x5c\xb8\xaaN\xad\
)Au*\x9b\xb4\x93-\xea\xd7FY\xde<\xfc\x80\
\xf1Y\xb4\xe7m\xcc\xc4\xf7\xa6\xd5a\xa8\xaa\x14\x94\x10\
J|\xee\xe1EZ\xb3\xb2\x9a\xed\xc2\xc695\xd0X\
\xf8V\xe4\x90f^>\x95\xc7\x8b\xcd\xf0\xb8?\xe2\xc9\
&iN\x8dJ\x9b#\x9b\xb6\x98\xc3(e=\x0dh\
\xdf\xcf\x1d\xec~k\x90\x1c\x0c`Wco\xe1{0\
\x83\xcc\x8b\x9a\xb4\xbe\x1b\xd3\xf1\x8f*\xbeR\xbf\x16`\
\x1dU4\x9d\xd7S\xba\x18\x0a\xbc\xb6<\xb6\x8a\xf4\xf3\
\xe1\x8d?\x1cEY\xf7\xbe\x16\x88\xa7\xfa<|\xd7u\
\x0e3\xc1U\x95\xac\xd7\xa9\x94\xb2\xfa\x89\x1c\x05\x15\xbd\
{\xe1\xbb\xc8\x031\x1c\x0fj\xc4\x922\x87\x04W\xd2\
\xe1s\x0a\x18\xb5zRL\xe4\x95)S\xf8\x90\xca\x16\
\x8a\x16\xbb\x0c\xc7QE\x14\x00QE\x14\x00QE\x14\
\x00\xda(\xa2\x80\x0a(\xa2\x90\x05\x15=\xb5\xab\xdc0\
X\xc7&\xb7\xec|-t\xc4\x19\x17\x8f\xa5pb\xf3\
\x5c6\x0d~\xf6I\x1a\xd3\xa3:\x9f\x0a9\x9a|$\
\x09P\x9e\x99\xafC\xb6\xf0\xbd\xb0A\xe7'5i|\
1\xa7\xff\x00\xcf*\xf9\xaa\xbcg\x82W\x8d\x9b:\xe1\
\x97T\xdc\xe0\xefoH_*3\xf2\x11Yu\xea\x0f\
\xe1\x9d<\x8f\xf5\x5c\xd5+\xcf\x0b\xc0Q\xbc\x84\xe6\xb2\
\xc1qf_\x1fu&\xbc\xca\x9e\x02\xab\xd4\xf3\xca+\
\xa2\xbc\xf0\xc5\xe4[\x98\x0e>\x95\x874-\x09eq\
\xd2\xbe\xaf\x07\x99\xe1\xf1J\xf4\xa4\x99\xc3*R\xa7\xf1\
\x224%\x0eEt\x09p\xb7\x96\x02\x07<\xa5s\xb5\
5\xbc\xa6\x16b\x0d\x18\xcc\x22\xadi-\xd6\xa8)\xd4\
\xe5\x1b \xdb#\x8fCM\xa0\x9c\xbb\x1fZ+\xb6\x17\
\xe5W (\xa2\x8a\xa1\x05\x14Q@\x05\x14Q@\x05\
6\x9dE\x006\x8a(\xa4\x03\x94\x13[\xba\x0e\x88\xf7\
\x8d\xb8\xf0\x01\xefG\x87tsy.\x5c\x10\x075\xe8\
\x966\xb1\xdb\xc4\x15\x00\xe9_\x11\xc4|F\xb0\xa9\xd0\
\xa0\xfd\xe3\xd2\xc1\xe1=\xa7\xbd-\x8a\xfav\x95\x05\xac\
c\xf7c\x7f\xadh\xa8\xc7\x02\xa4\xb7\x85\xa5l\x01\x9a\
\xde\xb0\xd1\xb7a\xa48\xaf\xcd\xe1O\x13\x98N\xf2\xd4\
\xf7)\xd3IY\x18\x0b\x13\x9e\x8a\x7f*_&_\xee\
7\xe5]\xcc6Q\xc6\xb8\xda\x0dM\xe4G\xfd\xd1\xf9\
W\xab\x0e\x1dmk#_fp\x1eL\x83\xf8\x1f\xf2\
\xa6\x95a\xd4\x11]\xf9\x82\x22>\xe2\xfeUN\xebK\
\x8aa\xd8T\xd5\xe1\xf9\xc5^\x12\xb8:g\x11$K\
(!\xc6Es\xba\xce\x81\x14\xe8\xc6\x15\x0ak\xba\xbd\
\xd2\x9a\x0d\xc5\x01\x22\xb2H\xecEy\xf41\x18\xac\xb2\
\xad\xd3\xb39\xea\xd2\x8c\xd5\xa4\x8f\x1f\xd4,\x9e\xd2g\
R\x0f\x1d\xea\x9dz\x86\xbb\xa3\xa5\xe4-\x80\x01\xf6\xaf\
9\xbf\xb5kY\x9dH f\xbfZ\xc83\xd8f4\
\xb9e\xf1#\xe7\xf1XgE\xf9\x15\xe8\xa6\xd1_F\
r\x0e\xa2\x9a\xb4\xea\x00(\xa2\x8a\x00m\x14Q@\x05\
lh\x9aD\x97\xb2\xf4 \x0aM\x0bKk\xe9\x80 \
\x84\xf5\xafG\xd3l\x12\xd2\x15\x00\x0c\x81_\x1d\xc4|\
E\x1c\x14=\x8d/\x8d\xfe\x07~\x0f\x08\xea\xbb\xbd\x8a\
\xfa^\x8f\x05\xaccz\x02}kY\x00Q\x80)\xf1\
Fd`\x00\xad\xab\x0d\x1b\xcc\xc1\x97\x22\xbf2_Y\
\xcc\xa7yj\xcfz\x9d5\x1d\x22\x8cU\x8d\x8fE?\
\x95/\x93/\xf7\x1b\xf2\xae\xda\xde\xc28\x94\x0c\x03V\
>\xcf\x10\xfe\x05\xfc\xab\xd2\xa7\xc3\xd2\x92\xf7\xe5co\
fp>L\xbf\xdco\xca\x90\xc6\xc3\xaa\x91]\xf9\xb7\
\x88\xff\x00\x02\xfeUV\xe7M\x8ad#\x00QS\x87\
\xa5\x15\xeeJ\xe1\xc8p\xcf\x18\x90`\x8c\xd6&\xad\xa1\
\xc3p\x8cc\x8c\x03]\xb5\xee\x90a\xdcS&\xb1\xdd\
H,\x08\xaf6\x13\xc4\xe5\x95.\x9d\x99\x85J*j\
\xcc\xf2=WM\x92\xcafR\x09\x1e\xb5\x9b^\xb1\xac\
i\x89{n\xe3\x00\x13\xde\xbc\xdbU\xb0k9\xddp\
p;\xd7\xea\x9c=\xc4\x14\xf3\x0a~\xce\xa7\xc6\x8f\x9f\
\xc5a]'u\xb1Ih\xa6\xad:\xbe\xa8\xe3\x0a(\
\xa2\x80\x0a(\xa2\x80\x0a(\xa2\x80\x0am:\x9b@\x05\
Z\xd3\xadZ\xeeq\x1a\x0c\x9a\xab]W\x82\xad\x09\xbe\
\x12\x91\xc5yy\xb67\xeaxY\xd5\xea\x91\xae\x1e\x9f\
\xb4\x9aGc\xa2\xd9-\xad\xaaq\xf3\xe3\x9a\xd5\xb7\x85\
\xa5\x90\x00*4\x18\x18\x15\xd0\xf8z\xcfp.\xc3\xa5\
~'J3\xcc1<\xd3\xea}M:i+\x22\xf6\
\x91\xa6\xacQ\x86\x90|\xf5\xac0\xa2\x94aG\xa5x\
\xc7\xc5\xff\x00\x89\x91i\x16\xf2ZY9K\x848$\
\x1a\xfb|>\x1e\x18xr\xc5\x1dQG\xa4\xeb^.\
\xd2\xb4uc}6\xc0+\x96?\x19<$\x0b\x03{\
\xd3\xe9_#\xeb~/\xd5\xb5id7\x17%\xd0\x9e\
\x05s\x84\xe4\xe6\xb6\xe64\xe4>\xe3\xb1\xf8\xb3\xe1k\
\xd9\xbc\xa8/2\xff\x00\x85vZn\xa7o\xa8D$\
\xb7l\x83_\x9e6\x97R\xdaK\xbe\x06\xda\xfe\xb5\xe8\
\x1e\x08\xf8\x95\xaa\xe9w\x91\xad\xc5\xdb\x987\x01\x8fj\
\x14\x83\x90\xfbfH\xc4\x88T\xf7\xae_W\xd2\xccl\
^1\xf2\xd4\x9e\x07\xf1=\xb7\x89t\xe4\x96\xdc\xf2\x8a\
7s\xde\xba\x1b\x98\xbc\xe8\x99k\x8b\x1d\x82\x86&\x16\
{\x99J7<\xf8\x8f\xbc\x0dq\xfe/\xd2\xbc\xc4\xdf\
\x0a\xf4\xe4\xd7y\xa9@a\xb9q\x8e++P\x88I\
g0\xc78\xaf\x96\xcbqU2\xecbk\xa381\
\x14\x95H\xb4\xcf\x1e#\x05\x87\xa56\xad\xea\x10\x18.\
\x5c\x1fZ\xa9_\xb9P\xa8\xaa\xc1Mu>bK\x95\
\xd8u\x14\xdaun \xa2\x8a(\x01\xb55\xa4&y\
\x82(\xc95\x1dmxZ\xd4\xcb\x7f\x1b\xf6\x06\xb8\xb3\
\x1cJ\xc3a\xe5U\xf4F\x94a\xcf$\x8e\xdb\xc3Z\
p\xb5\xb2R\xe3\x12\x0a\xdd\x8a3#`Tj\x02\x8c\
\x0a\xdb\xd0m<\xd9X\xb0\xaf\xc3\xa5)\xe6X\xab\xbd\
\xdb>\xa2\x8d5\x04\xa2\x8b\xda>\x98#\x1b\xe5\x1c\xf6\
\xad\xd5P\x06)\x10\x05\x00W\x99\xfcX\xf8\x83\x07\x87\
l\xa7\xb6\x8d\xb1r:\x10k\xed0\xb8Xa\xa1\xcb\
\x13\xae\x08\xed\xf5\x8f\x12i\xfaB3^\xcb\xb0\x0a\xe4\
$\xf8\xc3\xe1(\xa4h\xde\xf7\x91\xc1\xe9_'\xf8\x87\
\xc7:\xbe\xaf<\x9ee\xd91\x1e\x82\xb9Wc#\xb3\
9\xc9=k~c^C\xed\xdbo\x8b\xde\x14\xb8\x98\
E\x1d\xee\x5c\xf4\xe9]\x96\x95\xadY\xea\x91\x87\xb4}\
\xe0\xd7\xe7\x95\xbc\xaf\x04\xa2H\xce\x1cw\xae\xd3\xc2\x9f\
\x10\xf5}\x22\xe93v|\x81\xda\x8e`\xe4>\xe8x\
\xc3\x02\x0ds\x9a\xbe\x98\x07\xcd\x10\xe3\xbdf\xfc7\xf1\
\xad\xb7\x89l#D?\xbfE\xf9\x895\xda\xcd\x18\x91\
\x08\xf5\xaeL^\x12\x18\xa8Y\x994y\xe9]\xa7\x06\
\xb9\x8f\x15i\x82{m\xd1\x8c\xbfS]\xc6\xb3ja\
\xb9l\x0e+\x22t\x0d\x13\x83\xe8k\xe40\xb5\xaae\
\x98\xc5%\xbag\x1dzJ\xa4\x5cY\xe3R'\x97!\
S\xd4\x1aJ\xd1\xd6\xedL\x17\x92\x13\xd0\x9a\xce\xaf\xdc\
\xf0u\xd5z1\xa8\xba\x9f-8r6\x82\x8a(\xae\
\xa2B\x8a(\xa0\x02\x8a(\xa0\x02\x9bN\xa6\xd0\x01^\
\x91\xe0\xd8G\xf6|o\x8ek\xcd\xeb\xd4<\x1d\xff\x00\
 X\xeb\xe2\xb8\xdan\x185n\xe7\xa1\x96\xab\xd47\
\xe1\x19\x95\x07\xbdw:tB8F;\x8a\xe1\xed\xff\
\x00\xd7G\xf5\x15\xde\xda\xff\x00\xa8_\xa0\xaf\x89\xe1\xd8\
&\xe4\xcf\xa3\xa6cx\xe7U\x1a6\x815\xd98\xd9\
_\x0fx\xe7V}[\xc4\x17S\x99\x09F<\x0a\xfa\
\xe7\xe3\xf9#\xe1\xcd\xf6\xd3\x8f\xff\x00Q\xaf\x88\xc9'\
\xa9\xaf\xa8\x91\xd3\x00\xa2\x8a*\x0b\x0a\x14\xe0\xe4QE\
\x00{\x87\xec\xfd\xe2\xa6\xd3\xeeE\x94\xd2\x92el\x0c\
\x9a\xfa\xc5\x0eP\x1fj\xf8\x1b\xe1\x9b\x11\xe3m,\x02\
G\xefk\xef\x88\x7f\xd5/\xd0V\x912\x91\x83\xe2H\
B\xc5\xbf\x1c\x93\x5c\xc3\x8c\xc6\xc2\xba\xdf\x14\x7f\xc7\x98\
\xfa\xd7'_\x0f\x9c\xa5\x0cS\xb7\x91\xcf-\xcf:\xf1\
}\x9c\xbfo\x1eLD\x8fj\xc2[+\x93\xd2\x17\xfc\
\xab\xd7&\xb5\x8eS\x97\x03?J\x22\xb5\x89?\x85\x7f\
*\xfaL\x17\x19K\x09\x87\x8d\x1e[\xb4y\x152\xf5\
RM\xdc\xf2?\xec\xfb\xbf\xf9\xe1'\xe5G\xd8.\xff\
\x00\xe7\x84\x9f\x95{\x07\x94\x98\xfb\x89\xf9Q\xe5G\xff\
\x00<\xd3\xf2\xae\x8f\xf5\xf6\xaf\xfc\xfb_y\x1f\xd9k\
\xf9\x8f \xfb\x05\xdf\xfc\xf0\x93\xf2\xa3\xec\x17\x7f\xf3\xc2\
O\xca\xbd\x7f\xca\x8f\xfey\xa7\xe5G\x95\x1f\xfc\xf3O\
\xca\x8f\xf5\xf6\x7f\xf3\xed}\xe1\xfd\x96\xbf\x98\xf1\xd3g\
r?\xe5\x8b\xfeU\xdbx*\xd1\x96\xd4\x99\x13\x07=\
\xeb\xa6{8\x9f\xf8G\xe5R[\xc2\xb0\x8c \x15\xe7\
\xe6\xbcX\xf3\x0c;\xa5\xcbf\xcd\xb0\xf8\x0fe>k\
\x92/Z\xed\xf4xB[+\x01\xd4W\x15\xde\xbb\xbd\
/\xfe<b\xfaW\x9b\xc3\xd0N\xac\x9f\x91\xeaS\xdc\
\x83\xc47\x7f`\xd1\xeen\x7f\xe7\x9af\xbe%\xf8\xa9\
\xaf\xbe\xb9\xe2\x19&II\x8f\x91\x8c\xd7\xd8\x9f\x12\xb8\
\xf0V\xa9\x8f\xf9\xe5_\x03LI\x95\xf2I\xe4\xd7\xd6\
\xc8\xea\x80\xca(\xa2\xa0\xb0\xa2\x8a(\x03\xd4\xbe\x08x\
\x9d\xb4me\x96IN$!\x00&\xbe\xca\xb1\x97\xcf\
\xb3\x8a_\xef\xa85\xf9\xe7\xe1\xd2F\xb7a\x82G\xef\
\x93\xf9\xd7\xe8\x1f\x87\xff\x00\xe4\x09a\xff\x00\x5cW\xf9\
V\x913\x91W\xc4\x10\x83l\xef\x8ek\x92=\x0dv\
\xba\xff\x00\xfc\x83\xa4\xae*\xbe3=\x8a\x86![\xb1\
\xcbSs\x82\xf1\xccA$\x8c\x81\x8c\xd7%]\xaf\xc4\
/\xf9c\x5cU~\xa5\xc2\xb3s\xcb\xa0\xdf\x99\xf38\
\xc5j\xcc(\xa2\x8a\xfa3\x90(\xa2\x8a\x00(\xa2\x8a\
\x00)\xb4\xeam\x00\x15\xe9\xfe\x0ea\xfd\x8f\x18\xaf0\
\xae\xff\x00\xc1w`\xdb\xc7\x07z\xf8\xee2\xa3*\xb8\
%n\x8e\xe7~]4\xaa\x1d\x8d\xbf\xfa\xe4\xfa\xd7{\
ls\x0a}+\x80C\xb6@}\x0dvz5\xc0\x9a\
\x0e\xbd+\xe0\xb8~\xaa\x84\xe5\x07\xd4\xfaJg%\xf1\
\xc6\xd2[\xdf\x01^C\x08\xcb\x1f\xf05\xf1\x15\xe5\xbb\
\xdaN\xf0\xc9\xf7\xc7Z\xfd\x0e\xd5\xacV\xfe\xcd\xe0\x90\
\x02\x0f\xad|c\xf1s\xc2w\x1a^\xbfw:D\xfe\
Q<`q_W$t\xc0\xf3\x8a(#\x07\x06\x8a\
\x82\xc2\x8a*kh$\x9eUH\xd4\x92N8\x14\x01\
\xd8|)\xd3'\xbb\xf1n\x9f<c\xe4\x8e^k\xee\
\xa8\xbf\xd5/\xd0W\x81~\xcf\x9e\x0ck[I..\
\xd0\xef\xceF\xf1\xef_@\x0e\x16\xb4\x89\x94\x8c?\x13\
\x9c\xda\x01\xef\x5c\xa5nx\x82\xe8H\xed\x17\xa5a\xd7\
\xc2g\x15ULCh\xe7\x93\xd4(\xa2\x8a\xf2\x88\x0a\
)\xcbE \x1bE:\x8a\x02\xc3h\xcd\x14S\x00^\
\xb5\xdeig6\x91\xfd+\x83\xae\xb7\xc3\xf7BH\xfc\
\xbfA^\xfeCUB\xa3O\xa9T\xf7+|B\x85\
\xe7\xf0\x86\xa7\x14\x7fy\xe3\xc0\xaf\x83u[)t\xfb\
\xb7\x8aq\x87\xc9\xaf\xd0\xeb\xd8\x05\xcd\xac\x90\xb7!\xc6\
+\xe4\x7f\x8e\xbe\x0e\x9a\xcb\x5c\x96\xea\xda'\xf2@=\
\x05}\x84\x91\xd7\x03\xc6\xe8\xa7\x10T\xe0\x8c\x1amA\
aE\x14\xf4\x8d\x9d\xb0\x80\x93\xed@\x1b>\x0e\xd3\xa7\
\xd45\xbbO gd\xa8O\xe7_|\xe8Hc\xd1\
\xec\x94\xf5\x10\xa0\xfd+\xe6\xef\xd9\xf7\xc1r\x9b\xc9.\
n\xe2;\x08\xc8\xdc+\xe9\xc8PE\x12\xafe\x18\xad\
\x22e#?_?\xf1/\x90W\x17]7\x88n\x87\
\xcf\x15s\x0ep\x8c}\xab\xe2\xb3\xaa\xaa\xa6\x22\xcb\xa1\
\xcdQ\xeaq_\x10X\x13\x05qu\xd2x\xc2\xecO\
0Q\xfc\x06\xb9\xba\xfdc\x86\xa8\xca\x8e_\x08\xc8\xf9\
\x8c\x5c\x93\xaa\xda\x0a(\xa2\xbd\xf3\x94(\xa2\x8a\x00(\
\xa2\x8a\x00)\xb4\xeam\x00\x15\xbd\xe1\x1b\xb1o\xa8\x82\
\xe7\x02\xb0i\xf11\x8d\xb2+\x8f0\xc2,^\x1eT\
\x9fTiF~\xceJG\xb3\xc3 \x960\xc3\xa1\xad\
m\x16\xef\xc8\x93k\x1e\x09\xae'\xc2\xfa\xa8\x9e\x11\x11\
nPWD\x87\xb8\xaf\xc3\xb1\x14je\x98\xa7\x17\xba\
>\x9e\x8dU5\xcc\x8fB\x86Q*\xe5NEs\xbe\
3\xf0\x9d\x9f\x89l\x1a\x09\x91\x10\xff\x00{\x1c\xd4z\
6\xa6b!$?-t\xb0\xce\x93\x0f\x90\xe6\xbe\xb7\
\x03\x8e\x86&\x17[\x9d\x90\x95\xcf\x94\xbcg\xf0fm\
>I%\xd3\xc4\x93g\x9c\x0a\xf3s\xe0?\x12\x06`\
4\xb9\xba\xfaW\xdf%A\xea\x01\xfc(\xf2\x93\xfb\xab\
\xf9Ww)\xa71\xf0\xa6\x8f\xf0\xeb^\xbb\xbb\x09q\
\xa7\xcd\x1az\xd7\xb6\xf8\x03\xe0\xb5\xbd\xab\xc7uu!\
\xdf\xc1\xda\xd9\xaf}\xf2\xd0\x7f\x0a\xfeT\xee\x00\xe9G\
(s\x15\xacl\xe1\xb2\xb6H\xa1D@\xa3\x1c\x0a\x8b\
S\xbbX\x22a\x9eh\xbd\xbf\x8e\x04l\x1ek\x93\xbf\
\xbc{\x99X\x93^>g\x99\xc7\x0f\x1eH\xeee)\
\xd8\x86\xe6S,\xcc\xde\xb5\x0d\x14\xe5\xaf\x88\x9c\xdc\xdf\
30\x0a(\xa2\x90\xc2\x8a(\xa0\x02\x8a(\xa0\x06\xd1\
N\xa2\x81\x0d\xab\xfaM\xd1\x82^\xbdj\x85\x15\xad\x1a\
\xae\x8c\x94\xd7@N\xc7\xa0[L\xb3F\x0a\x1c\xf1Y\
~'\xd0-\xb5\xed>Ki\xd1\x01\x7f\xe2\xc75\x91\
\xa4jM\x03mc\xc1\xae\xaa\xda\xe9&_\x90\xe6\xbe\
\xe7\x01\x98C\x15\x0f3xN\xe7\xcc\x9e8\xf8*m\
\xe4\x92{\x12\xf2\x93\xd8f\xbc\xaa\x7f\x00\xf8\x8e9\x9d\
SL\x98\x80x5\xf7\xb9\x00\xf5\x00\xd2yI\xfd\xd5\
\xfc\xab\xd2\xe54\xe6>\x0d\xb0\xf8}\xe2\x09\xee\x969\
\xb4\xd9\xd1\x0fS^\xc7\xe0?\x82\x91\x97\x8e\xe2\xf5\x9d\
\x0fu9\xaf\xa3\xfc\xa4\xfe\xea\xfeT\xa1@\xe8\x05\x1c\
\xa3\xe63\xf4}2\xdfJ\xb1\x8a\xde\x04Q\xe5\x8cd\
\x0e\xb5=\xf5\xca\xc1\x13d\xe0\xd2]^\xa4\x0ary\
\xaeOQ\xbf{\x979?(\xaf+0\xcc!\x87\x85\
\x96\xe6R\x9d\x88o\xe73\xcc\xcdYz\x85\xc2\xdb\xc0\
\xe5\xce2*\xcb\xb0A\x93\x5c7\x8buo4\x18\x10\
\xf45\xe0\xe5\x18\x1a\x99\x961>\x9dN\x0cMeJ\
-\x9c\xc6\xa1)\x96\xf2c\x9c\x8c\xd5j3\x93\x9a+\
\xf6\xfa\x14\xd5*j\x0b\xa1\xf3-\xf3;\x85\x14Q[\
\x08(\xa2\x8a\x00(\xa2\x8a\x00(\xa2\x9b@\x05\x14V\
\x96\x8b\xa7\xb5\xf5\xd0\x8f\x90=k\x0cF\x228zn\
\xadG\xa2*\x10svF\x8f\x86-.d\x9b0\x9c\
\x0e\xf5\xe8\xf0\x82\x22@z\xe2\xa8\xe9V+g\x0a\x80\
\x06qZ\x15\xf8\x96\x7f\x9a\x7fhb\x1c\xa2\xb4G\xd1\
\xe1h\xfb(Xr\x9c\x1e*\xd5\xb5\xf4\xd0\x9e\x1b\x8a\
\xa7Ex\xb4\xebN\x9b\xbc\x1d\x8e\xa4t\xd6\xfa\xea(\
\xf9\xf2jO\xed\xfb\x7f\xee\x9a\xe5h\xafR\x19\xd6&\
\x0a\xd7/\x99\x9dY\xd7\xe0#\x80j\x85\xe6\xb2d\x18\
\x84\x91XtTU\xce1\x15\x15\x9b\x0efM%\xc3\
\xca~s\x9a\x86\x8auys\x9b\x9b\xbc\x88\x1bN\xa2\
\x9bH\x07QE\x14\x0c(\xa2\x9b@\x0e\xa2\x9bN\xa0\
Ch\xa2\x9d@\x06)\xb4\xeam\x009z\xd5\x9b{\
\xc9\xa1?#qU\x96\x8a\xaau'M\xde\x0cq:\
\x1bmuU\x00\x93$\xd5\x85\xd7\xe0\xc7\xdd5\xcaS\
\xab\xd4\xa7\x9c\xe2`\xac\x99Jl\xea\x0e\xbfo\x8e\x86\
\xaa\xddk\x9eb\x1f$\x91\x5c\xfd:\x94\xf3\x9cEE\
f\xc3\x99\x93Mu,\xdb\xb7\xb6j\xbd\x14W\x999\
\xb9\xbb\xcd\x90S\xd5b\x96[GX\x0e\x1e\xbc\xbbV\
\x86h\xae\xdcM\x92}k\xd7k\x9f\xd7\xf4e\xbb\x89\
\x8a\x00\x1f\xad}g\x0bf\xf1\xc0\xd6\xf6uW\xba\xfa\
\x9c\x18\xca\x0e\xacn\x8f3ZuKu\x03A3\xab\
\x820j\x0a\xfd\x86\x95H\xd5\x82\x9cO\x01\xc7\x97A\
\xd4Si\xcbV \xa2\x8a(\x00\xa2\x8a(\x00\xa6\xd3\
\xa9\xb4\x01%\xb4FiB\x0eI\xafH\xf0\xbe\x96\xb6\
\xb6\xcb+\x8f\xdeW5\xe1\x1d<M(\x98\x8e\x86\xbd\
\x11\x10 \xc0\xaf\xcc\xb8\xc78n_U\xa4\xfdOc\
/\xc3\xe9\xce\xc5\xa7-6\x9c\xb5\xf9\xd1\xeb\xa0\xa2\x8a\
(\x18QE\x14\x00QE\x14\x00QE\x14\x00QE\
\x14\x00QE\x14\x00Si\xd4\xda\x04\x14\xeam\x14\x00\
\xea)\xabN\xa0\x02\x8a(\xa0aE\x14P\x01E\x14\
P\x01E\x14P\x01M\xa7Sh\x10R\x11\x90\xc0\xd2\
\xd1@\x1c_\x8b\xf4\x9c\x81$+\xeek\x87#\x05\x85\
{%\xec\x22h$S\xdcW\x97k\x96\x7fc\xbae\
\xc63_\xaa\xf0~n\xeb\xd3\xfa\xbdM\xd6\xc7\x87\x98\
a\xf9\x1f23(\xa2\x8a\xfb\xc3\xcc\x1c\xb4P\xb4S\
\x00\xa2\x9bE\x00:\xa5\xb4\x8f\xcd\xb8\x8d}MA[\
\x9e\x17\xb4\xfbE\xd0o\xee\x1a\xe1\xccq+\x0d\x87\x95\
W\xd0\xd2\x8c9\xe4\x91\xddx~\xc9mmq\x8e\xbc\
\xd6\xb56 \x160\x07\xa5:\xbf\x04\xc6b%\x88\xaa\
\xea\xcbv}E8(+ \xa7SV\x9d\x5c\xc5\xa0\
\xa2\x8a(\x18QE\x14\x00QE\x14\x00QE\x14\x00\
QE6\x80\x1dE6\x8a\x04W\xbf\xbc\x8a\xce\xdd\xe5\
\x99\x80\x00g\x93^g\xa9\xfc^\xb2\xb2\x9d\xe2\xfb>\
\xfc\x1cdf\x8f\x8e\xda\x84\xd6Z]\xbf\x92\xc4n\xe0\
\xe0\xfb\xd7\xcfRH\xd2\xb33\x92I\xf5\xaf\xa2\xca\xf2\
\xbau\xe9\xfbZ\xa6\xf4\xe9\xa6\xae\xcf\xa5\xfc3\xf12\
\xcb[\xbaXDB-\xdd\xcdz\x04R,\xa9\xb9\x08\
#\xd4W\xc5\xf67\x92\xd9\xcc%\x85\x88#\xd0\xd7\xd5\
\xbf\x0f.\x1e\xeb\xc2\xf6\x92\xc9\x92H\xeak\x1c\xd7/\
\x8e\x19)CbjSP\xd8\xe9\xd6\x8aj\xd3\xab\xc3\
3\x0a(\xa2\x80\x0a(\xa2\x80\x0a(\xa2\x80\x0a(\xa2\
\x80\x0am:\x8a\x046\x8au\x14\x05\x86\xd7'\xe2\xed\
<I\x1b\xcc\x07A]f*\x9e\xab\x08\x9a\xc6E\xc7\
Z\xf4\xf2|d\xb0x\xa8\xcdw0\xc4S\xf6\x94\xda\
<~\x8a\xb7\xaaA\xf6{\xb7\x8f\xd2\xaaW\xef\x14*\
*\xd4\xd5E\xd4\xf9\x89.Wa\xcbE\x0bEn!\
\xb4QE \x05\xeb]\xdf\x82-\x02\x89\x18\x8e\xb5\xc3\
E\xcc\x83\xeb^\xa1\xe1\x98<\xab`}E|\x7f\x18\
\xe2],'\xb3]N\xfc\xba\x17\xa9siE\x14Q\
_\x8f\x1f@\x0bN\xa6\xd3\x96\x80AE\x14P0\xa2\
\x8a(\x00\xa2\x8a(\x00\xa2\x8a(\x00\xa6\xd3\xa8\xa0C\
h\xa7Sh\x03\xcf~/\xe83\xeb\x9adb\x08\xf7\
\xf9|\x9a\xf9\xbe\xfe\xd2[9\xde)\x86\x088\xaf\xb4\
$\x8deFW\x19\x04`\xd7;s\xe0\xbd\x0e\xe6F\
i\xac\xc1'\x9a\xf72\xfc\xd5a\xa1\xec\xe4\xae\x8di\
\xd5\xe4V>_\xf0\xe6\x87q\xac^$0G\xbf5\
\xf5G\x83l_M\xf0\xfd\xb5\xb4\x83\x0e\x83\x91N\xd3\
|/\xa5i\xb2\x87\xb4\xb7\x11\xb8\xe8kix\x18\xac\
3\x1c\xcb\xeb\x96IY\x0a\xa5NpZu\x0bEy\
D\x05\x14Q@\x05\x14Q@\x05\x14Q@\x05\x14Q\
@\x05\x14Q@\x05\x14Q@\x051\xd40`ih\
\xa2>\xe8\x99\xe6\xbe-\xb5\xf2\xef\xe4`8\xaev\xbb\
\x8f\x1a\xc1\x88\x9eZ\xe1\xeb\xf7\x1e\x1a\xc4\xbcF\x06-\
\xf4\xd0\xf9\xac\x5c9*\xb1\xcbE\x14W\xd0\x9c\xa3h\
\xa2\x8a\x00|?\xebS\xea+\xd7\xf4\xa0\x05\x84\x18\x1f\
\xc3^A\x0f\xfa\xd4\xfa\x8a\xf6\x0d/\xfe<!\xff\x00\
v\xbf;\xe3\xcf\xe1S\xf5g\xab\x95\xef\x22\xcd\x14\xea\
+\xf3\x13\xda\x1bN\xa2\x8a\x06\x14QE\x00\x14\xda(\
\xa0AE\x14P\x01E\x14P\x01E:\x9b@\x05\x14\
Q@\x05\x14Q@\x05\x14Q@\x82\x9dM\xa2\x81\x8e\
\xa2\x9bE\x01p\xa7Sh\xa0\x02\x8a(\xa0\x02\x8a(\
\xa0\x02\x9dM\xa7-\x00\x14QE\x03\x0am:\x9b@\
\x8ew\xc6\xe0\x7fd1\xc75\xe6\xb5\xe9~7\xff\x00\
\x90;W\x9aW\xec\x1c\x13\xfe\xe1\xf3g\x81\x98\x7f\x14\
u\x14Q_dy\xe3h\xa2\x8a@>\x1f\xf5\xc9\xf5\
\x15\xec\x1a_\xfc\x83\xe0\xff\x00r\xbc~\x1f\xf5\xa9\xf5\
\x15\xebz,\xa2K\x18\x80\xec\xb5\xf9\xe7\x1eA\xbaP\
k\xbb=\x5c\xad\xfb\xcc\xd0\xa2\x8a+\xf3\x03\xdb\x0a(\
\xa2\x98\x05\x14Q@\x0d\xa0\x9e)\xd5\x8b\xe2\xd9^\x0d\
\x0a\xe2HX\x87\x03\x82*\xa0\xb9\xdaE\xd1\xa7\xed*\
(w5\xf7/\xa8\xfc\xe8\xdc\xbe\xa3\xf3\xaf\x9f\x7f\xb7\
\xb5?\xf9\xfb\x92\x8f\xed\xedO\xfe~\xe4\xafK\xfb2\
]\xcf\xa1\x5c;S\xf9\x91\xf4\x16\xe5\xf5\x1f\x9d*\xf3\
\xd2\xbe~M\x7fS\x07&\xeeJ\xfa\x0b\xe1\x14\x8b\xa9\
xe$\xba\x1ed\x99\x1c\x9a\xd6\x8eO*\xb2\xb71\
\xc5\x8c\xc9\xa7\x84\x87\xb4r\xb8\x98>\x94`\xfaW{\
\xf6\x0b\x7f\xf9\xe6(\xfb\x05\xbf\xfc\xf3\x15\xd7\xfe\xae\xd4\
\xfedy~\xcd\x9c&\x0f\xa5\x18>\x95\xdd\xfd\x82\xdf\
\xfey\x8a>\xc1o\xff\x00<\xc5/\xf5v\xaf\xf3 \
\xf6g\x09\x83\xe9F\x0f\xa5w\x7f`\xb7\xff\x00\x9eb\
\x8f\xb0[\xff\x00\xcf1G\xfa\xbbW\xf9\x90{3\x84\
\xc1\xf4\xa3\x07\xd2\xbb\xbf\xb0[\xff\x00\xcf1G\xd8-\
\xff\x00\xe7\x98\xa3\xfd]\xab\xfc\xc8=\x99\xc2`\xfaQ\
\x83\xe9]\xdf\xd8-\xff\x00\xe7\x98\xa3\xec\x16\xff\x00\xf3\
\xccQ\xfe\xae\xd5\xfed\x1e\xcc\xe10})\xb8>\x95\
\xde\xfd\x82\xdf\xfey\x8aO\xb0\xdb\xe3\xfdP\xa3\xfd]\
\xab\xfc\xc8=\x99\xc1\x92\x07^)7/\xa8\xfc\xeb\x94\
\xf8\xdf\xa8K\xa6\xdf\xdb\xc7f\xe6 Go\xa5yG\
\xf6\xf6\xa7\xff\x00?rW\x14\xf2\x89BN<\xc7\xb3\
\x85\xc8\xa7\x88\xa6\xaa\xa9%s\xe8-\xcb\xea?:7\
\x0fQ_>\xff\x00oj\x7f\xf3\xf7%]\xd1\xf5\xcd\
FMN\xdd^\xe6B\x0br+7\x96J*\xf75\
\x9f\x0f\xd4\x84\x5c\xb9\x91\xee\xd4Tv\xe76\xf1\x93\xfd\
\xd1RW\x9a|\xe8S\x96\x9bNZ\x00(\xa2\x8a\x06\
\x14\xda(\xa0G=\xe3\x7f\xf9\x03\xb5y\xa5z7\x8d\
\xa6\x07Lh\xfb\xd7\x9c\xd7\xec<\x15\x06\xb0\x1a\xf7g\
\xcf\xe6/\xf7\xa3\x96\x8a\x16\x8a\xfb\x13\x80m\x14QH\
\x07'\xdf\x1fZ\xf4\x9f\x08\xcd\xe6\xdb\xe3=\x05y\xa5\
v\x1e\x08\xbb*\xd2)=k\xe5x\xb3\x0a\xeb\xe0\xdc\
\xd7C\xb7\x01S\x92\xa1\xdeQH\xbc\x80ik\xf1\x83\
\xe8\x90S\xa9\xb4\xe5\xa0\x10QE\x14\x0c+/\xc4p\
\xf9\xfaL\xe9\xebZ\x95\x1c\x91\x89ce=\x0d8;\
;\x95F|\x93R\xec|\xef\xaa\xc1\xf6[\xc7\x8b\xd2\
\xa9\xd7[\xe3\xeb\x1f#U\x99\xd0|\x95\xc9W\xd4Q\
\x9f<\x13?G\xc2U\xf6\xb4\x94\x82\xbd\xcf\xe0\x96\xb4\
\x89i\x15\x86FI\x1cW\x86WM\xf0\xff\x00W\x1a\
F\xbf\x0c\xf26\x10WU\x09rM3,\xc2\x87\xb6\
\xa0\xd1\xf5\xbd\x15\x9d\xa1j\x09\xa9i\xf1\xdc!\xc8n\
\xf5\xa3\xda\xbd\xe4\xf9\xb5G\xc24\xe2\xec\xc5\xa2\x8a*\
\x84\x14QE\x00\x14QE\x00\x14QE\x007\x15\x14\
\xef\xe5A$\x9f\xdd\x04\xd4\xdd\xab\x94\xf1\xf6\xbb\x16\x8d\
\xa5\xbf\x98\xfb<\xc5 TNJ\x0a\xec\xbaT\xddI\
\xa8\xa3\xc3\xbe/j\xeb\xaaj\xab\xb0\x83\xe5\x9cW\x9f\
U\xadJ\xe0\xdd^\xcf)9\x05\x89\x15V\xbezo\
\x99\xdc\xfd\x07\x0dIQ\xa4\xa0\xba\x05t>\x0e\xb2\xfb\
M\xfa\xb6>\xe3W<\xa3'\x15\xe9\xbf\x0dt\xec\x09\
\x1d\xc7\xbdsbj{:m\x9c\xd9\x9d\x7fc\x87l\
\xf4xF!A\xe8\x059h^\x05\x15\xf3'\xe7c\
\xb1E\x0bE\x03\x0a(\xa2\x80\x0am\x15\x1c\xf2yq\
\x16\xf4\xa7\x08\xb9K\x95\x09\xb3\x87\xf1\x9c\xd9i#\xcd\
q\xf5\xb1\xe2k\x836\xa3'<V=~\xef\x90a\
\xbe\xaf\x83\x84|\x8f\x97\xc5O\x9e\xa3c\xa8\xa2\x8a\xf6\
\x8c\x06\xd1N\xa1h\x01\xb5\xa5\xa2]\x18.\xe3\xe7\x82\
k>\x96&\xf2\xe4\x0c;W..\x82\xafI\xd3}\
J\x83\xe4w=\x8e\xd2Q,HG\xa0\xa9\xab\x99\xf0\
\x8e\xa3\xe7\xdbm~\xb5\xd3W\xe0\xf9\xa6\x0aX<D\
\xa9K\xa1\xf5\x14**\x90R\x05\xa7Si\xd5\xe7\x9a\
\xa0\xa2\x8a(\x18\xda(\xa2\x81\x1c\x1f\xc4]4\xb5\x83\
\xce\x83\x9a\xf2b\x0a\x92\x0fQ_E\xea\x16\x8byn\
\xd18\x04{\xd7\x8ax\xb3G\x92\xc6\xf2I0v\x13\
\xc5{9}t\xd7#>\xbb\x22\xc6\xa7\x1fc-\xce\
z\x95I\x07\x22\x92\x8a\xf5\x0f\xa5=\xc7\xe1/\x8cQ\
\xbc\xbb\x19_\x85\x1d\xeb\xdac\x90I\x18d\xe8k\xe2\
\xfd6\xf6[\x1b\x94\x96\x16 \x82:W\xd0\x1e\x00\xf8\
\x83\x0d\xf5\xbcv\xf78\x8c\xa0\xdb\x96\xef^\x9e\x13\x13\
\xf6Y\xf2\xb9\xae^\xe3/iMhz\xa5\x15\x15\xbc\
\xf1\xcf\x18h\xd80\xf6\xa9k\xd3>|(\xa2\x8a\x00\
(\xa2\x8a\x00))j\x86\xa3\xa8\xc1e\x0b\xbc\xd2\x22\
c\xd6\xa6\xf6\x1a\x8b\x96\xc3\xf5\x0b\xc8\xac\xe02\xca@\
\x1fZ\xf9\xbf\xe2\x87\x8a\xbf\xb5\xee\xde\xd9\x18\x91\x1bW\
A\xf1+\xe2\x07\xda\xe3\x92\xc6\xd3\x81\xff\x00=\x16\xbc\
~I\x1aY\x19\xdc\xe4\x9e\xf5\xe5b\xb1<\xfe\xea>\
\xa3'\xcb\x9c?}S\xe46\x8a(Q\x9e\x95\xc0}\
\x095\x9cM4\xe8\xa83\xc8\xaft\xf0\xb5\x8f\xd9,\
#8\xe5\xd6\xb8?\x00\xe8\x06Y\xc4\xf3\x0f\x90\x8e3\
^\xad\x0c~\x5cAG@+\xc6\xcc+&\xfd\x9a>\
C=\xc6\xaa\x8dR\x8fA\xd4S\xa9\xb5\xe5\x9f6\x0b\
N\xa6\xd1@\x0e\xa2\x85\xa6\xd01\xd5\x91\xaf\xdd\x08l\
&\xe7\x9a\xd4s\xb5X\xfaW\x07\xe3\x0dK34I\
\xd0\x8a\xf7\xb8\x7f/\x963\x17\x18\xad\x96\xa7.*\xaf\
\xb3\x83g-s)\x9aVbz\xd44Q_\xb8\xd2\
\x82\x849Q\xf3/Q\xcbE\x14U\x80QE\x14\x00\
Si\xd4\xda\x00\xd7\xf0\xfd\xf1\xb5\xbbPN\x12\xbd>\
\xceqq\x08\x91\x0eA\xaf\x1bRA\xc8\xae\xdb\xc2:\
\xb8!-\xdd\xbaW\xc0\xf1vM\xed\xe1\xf5\x8aKU\
\xb9\xe9\xe01\x1c\xaf\x91\x9d\xa59i\x88C\x0c\x8az\
\xd7\xe5g\xb8\x82\x8a(\xa0aM\xa2\x8a\x04\x15\xcd\xf8\
\xb7F]J\xd7\xa7 g\x8a\xe9(##\x15t\xea\
:n\xe8\xd2\x85WFj\xa4wG\xcf:\xb6\x9e\xf6\
\x13\x95\x91q\xcf\x15\x9f^\xd5\xe2\xcf\x0d\xc5\x7f\x0b\xba\
G\x99\x00\xe2\xbc\x8fR\xd3g\xd3\xe5h\xe6\x1c\x8a\xfa\
\x0c6%U^g\xde\xe5\xd9\x841P\xf3(\xd4\xb6\
\xd7\x12[\xcc\x92F\xc4\x149\xe0\xd4TWQ\xe98\
\xf3\x1e\xab\xe0\xdf\x89\xb7vo\x1d\xbd\xce\xd1\x17rM\
z\xfe\x8f\xe3-&\xfa0\x16\xe4\x19\x0fj\xf9F\xda\
\xd5\xe7l \xad\xab\x0b=F\xc6M\xf6\xc7\x06\xbb)\
b\xe7\x05m\xcf\x1f\x15\x93\xd3\xae\xf9\xa1\xa3>\xb4\xb6\
\xbc\x8a\xe3\xfdSf\xacW\xcc\x96~\x22\xf15\xa7\xfa\
\x99\xf1\xf9\xd5\xbf\xf8L\xbc[\xff\x00??\xce\xbb\x16\
:=Q\xe5\xbc\x86\xbfF\x8f\xa41T\xaeu;k\
}\xded\xaa1_=\xff\x00\xc2c\xe2\xd3\xff\x00/\
?\xce\xb3\xaf5\x8f\x11\xdd\xe7\xcf\x9b9\xfa\xd2x\xe8\
\xf4C\x86CZ\xfa\xb4{G\x88~ i\xb6P\xbf\
\xd9\xae\x15\xe4\x03\xa7\xbdx\xb7\x8a\xfc\x7f\x7f\xad\x19#\
~\x10\xf1\xc1\xaez\xe7L\xbd\x94\xbc\xb3rz\x9a\xc9\
\x92&\x8d\xf0EqU\xc4\xce\xa6\x87\xb1\x85\xcah\xe1\
\xdd\xde\xacB\xc5\x8eI'\xebIE\x1dk\x94\xf4\xf6\
\x0a\xe8|/\xa1\xc9\xa8\xcc\xacT\xf9g\xbdG\xe1\xfd\
\x06}Fu!s\x1ey\xe2\xbd\x8fA\xd1\xe1\xd3m\
\x84q\xae\x0dp\xe2\xb1J\x92\xb2\xdc\xf1\xb3L\xce4\
c\xc9\x07\xa96\x8bd\xb6VQ\xc4\x07J\xd2\xa6\xd0\
\xb5\xe0\xb99;\xb3\xe2'76\xdb\x1dE\x14R$\
)\xb4\xeam\x02\x0a(\xa8\xa7\x94E\x1b1=\xa9\xd3\
\x83\xaa\xf9b.nR\x96\xb7z\xb6\x96\xcf\x93\x82G\
\x15\xe5\xb7\xb7-q33\xfa\xd6\xb7\x88\xf5V\xbb\x9d\
\x93vB\x1cV\x0d~\xcb\xc2\xd97\xd4\xa8{I\xfc\
L\xf9\xfcn#\xda\xca\xcb`\xa1h\xa2\xbe\xb0\xe1\x1d\
E\x0bE\x00\x14QE\x00\x14\xdau\x14\x00\xda\x9a\xda\
f\x82M\xc8pj\x1a*'\x08\xce<\xb2\x1c}\xd3\
\xd1\xfc5\xab\xad\xc4a\x1d\xb9\x03\xbdt\xa8A\x1cW\
\x8d\xd9\xdd=\xbc\x81\x90\x9e\xb5\xe8^\x1f\xd7\x12\xe2 \
\xb30\x0f\xd2\xbf)\xe2N\x1c\x96\x1an\xbd\x05x\xbf\
\xc0\xf70X\xb5%\xcb-\xce\x92\x8ab\x90\xc3 \xd2\
\xd7\xc3\x1e\x95\xc7Sh\xa2\x80\x0a(\xa2\x80\x10\x80F\
\x0fJ\xe6\xfcG\xe1\xc8\xf5(\xdf`\x01\xcfz\xe9h\
\xc5]:\x8e\x9b\xba5\xa1^t%\xcdM\x9e\x0f\xac\
\xf8v\xe3O\x95\x86\xd7q\x9e\xc2\x9fc\xa1\xb0\xc3\xc8\
z\xf6\xafm\x9e\xd2\x19\x83\x07\x89\x0f\xd4V\x0d\xe7\x87\
\x10\x09$\x8c\xf3\xd4\x01^\xce\x1f\x1f\x17\xa5C\xea\xf0\
9\xdc&\xb9khq\x91Z\xc3\x166 \x06\xa7\xab\
O\xa7\xdc\xa6\xed\xd1\x1c\x0a\xacAS\x83\xc1\xafN3\
\x83\xd9\x9fA\x0a\xf4\xe7\xf01(\xa2\x8a\xa3`\xa2\x8a\
(\x18\x11\x91\x83U\xcd\x9c\x0crb\x15j(\x9aS\
\x84\x19\xabp\xe9\xb7\x0d \x06\x22\x05g*\x91\x86\xec\
\xe7\xa9\x88\xa5O\xe3g\x1d\xa9\xe8\xed\xe64\xb0\xf4=\
\x85hxw\xc23\xdeH\x19\xf2\x00\xe7\x9a\xf4\x1b\x0f\
\x0e\xa6\x03\xc8r}\x0dt\x16\xf0G\x0caQ@\xc7\
\xa0\xaf/\x13\x98-\xa9\x9f9\x8f\xce\xd7\xc3D\xa1\xa2\
\xe9\x11i\xf0\x85\x0a3\x8a\xd4\xa7-\x15\xe3\xcenn\
\xec\xf9j\x93\x95G\xcd1\xb4S\xa9\xb4\x88\x1dE6\
\x8a\x00u6\x8a\x8eiV$b\xe7\x18\xa7\x18\xb9>\
X\x83c\xa4\x90F\xb9$\x01\x5c'\x89\xf5\xc2\xcc\xf0\
Bq\x8e\xe2\xacx\x93^\xe1\xe1\x80\xe4z\x8a\xe2\xe4\
\x90\xc8\xcc\xc4\xe4\xd7\xe9\x1c/\xc3\x8d[\x11\x89^\x88\
\xf1\xf1\x98\xbf\xb1\x11\x1c\x96f'\xa9\xa6\xd1N\xaf\xd2\
#\x1eS\xc8\x1bE:\x8a`\x14QE\x00\x14QE\
\x00\x14QM\xa0\x02\x8a(\xa4\x01S[N\xd0J\x19\
\x0f\x22\xa1\xa2\xa6t\xe3V<\xb2\x1c_)\xdf\xe8\x1e\
\x22\x8eH\x84w\x12|\xf5\xd5\xc3*\xcb\x18d<\x1a\
\xf1tc\x1be\x0e\x0dtZ/\x88\x9e\xd4\x85\x9d\x89\
J\xfc\xef=\xe1\x1ev\xeba\xbe\xe3\xd5\xc3c\xed\xee\
\xd4=\x22\x8a\xce\xd3\xb5Xo\x13(@\xfa\x9a\xd0R\
\x0fC_\x9eW\xc2\xd4\xa1'\x1a\x8a\xcc\xf5\xa155\
t-\x14Q\x5c\xe5\x85\x14Q@\x05\x14Q@\x0d\x92\
%\x91\x0a\x91\xc1\xac\x99<?g+\xb3\x11\xcdlQ\
W\x0a\x93\x86\xcc\xda\x9e\x22\xa5'x\xbb\x18\xdf\xf0\x8e\
\xdaz\x1a?\xe1\x1d\xb4\xf45\xb3Ei\xf5\xaa\xdf\xcc\
o\xfd\xa5\x89\xfevc\x7f\xc29g\xe9G\xfc#\xb6\
\x9e\x86\xb6h\xa7\xf5\xaa\xdf\xcc\x1f\xdaX\x9f\xe7fm\
\xa6\x8dmn\xd9\x8cV\x8a\x80\x07JZ+\x19T\x94\
\xdd\xe4\xcej\xb5\xeaUw\x9b\xbb\x0a(\xa2\xa4\xccr\
\xd1B\xd1@\xc2\x9bN\xa6\xd0 \xa2\x9a\xf2*\x8eH\
\xfc\xeb\x13U\xd7\xa0\xb4\x0c:\x91\xe9]\x98L\x05l\
\x5c\xf9)+\xb3:\x95#M]\x9a\x97W\x91Z\xa3\
\x19\x0e+\x8a\xf1\x0e\xbf\xe7nKv\xca\x1e\x0ddj\
z\xc4\xd7l\xd8c\xb2\xb2\x09\xc9\xaf\xd32.\x14\x86\
\x1a\xd5\xab\xeb.\xc7\x8d\x89\xc79\xfb\xb1\xd8q%\x8e\
M6\x8a+\xee\x14yO4\x16\x9dMZuP\x05\
\x14Q@\x05\x14Q@\x05\x14Q@\x05\x14Q@\x0d\
\xa7QE\x006\x8au6\x80\x0a(\xa2\x90\x16\xad/\
&\x81\xc1\x12\x1e;Wc\xa2k\xc6H\xfeq\xf9\xd7\
\x0f\x0ay\x92\x85\xf55\xd9\xe8\xfaD\x7fg\xe4\x9c\xd7\
\xc4qtp\xb4\xb0\xf7\x9c}\xe7\xb1\xe9e\xfe\xd1\xcf\
G\xa1\xd6\xda\xdeE4y\xdc3\xe9V\x14\x83\xd0\xd7\
\x18\xf6\xd3\xdb\xce\xdeNH\xfa\xd5\x85\xd5\xeem\xf0\x1d\
k\xf2\x9eK\xec{\x87YEc\xdak\x110\xfd\xf3\
\x01W\xe2\xbd\x82Q\xf26j\x1c\x1a\x02\xcd\x14\x8a\xc1\
\xbe\xed- \x0a(\xc5\x18\xa4;\x05\x14b\x8cP\x01\
E\x18\xa3\x14\x00QE\x14\xc0)\xcbM\xa8\xded\x8f\
\xef\x9a\x00\x9a\x9bT\xe4\xd4m\xe3\xeb'5\x9dw\xac\
\x10H\x80\x82j\x94[\x0b\x9b\x86EN\xa7\x15\x9f\xa9\
jqZ\xc6\xc5\x08z\xc6\x9a\xee\xf6q\xcaqL]\
7\xce\x8d\xcc\x84\xe4\xd6\xf4\x155Q{M\x88\x95\xed\
\xa1\x87\xaa\xf8\x8a[\x86`\x99O\xa5aM;\xcar\
\xecO\xd6\xae\xebv\x7fd\xb9\xda:Ve~\xe1\x94\
a\xb0\xb4\xf0\xf1\x9d\x05\xa3>g\x11:\x8eMH(\
\xa2\x9c\xb5\xec\x98\x8d\xa7QE\x00\x14QE\x00\x14Q\
E\x00\x14QE\x00\x14QE\x00\x14QE\x00\x14Q\
E\x00\x14\xdau6\x80\x0a(\xa1i\x01\xa1\xa3\xda5\
\xc5\xca\x11\xd0\x1a\xf4;x\xc4q\x80\xbe\x95\xcb\xf8N\
\xd5\x86\xf65\xd6/\x02\xbf\x1c\xe3,{\xc4b\xbd\x8a\
\xda'\xbd\x97\xd2\xe4\x85\xfb\x85W\x9a\xd2)~\xf8\xab\
\x15R\xf6S\x16\xdd\xbd\xcd|\x95\x0aR\xab5\x18\xee\
w7evC&\x9b\x16~E\xa8\x0d\xa5\xc4M\xfb\
\x8e\x05k\xc4r\x80\xd2\xd1\xcf(\xfb\xac\xa3+\xcc\xd4\
\x22\x19\xddJ\x9a\x9d\xcc?\xeb\xda\xb4\xd8\x03\xd6\xa3x\
\x22n\xaa\x0d5Uu@Co\xae O\xde\x13\x9a\
\xb4\x9a\xed\xb0\x1c\xe6\xa2\xfb$?\xf3\xccS$\xb3\x88\
\x8e\x14Q\xed \xfa\x01g\xfbz\xd7\xde\x8f\xed\xeb_\
z\xa1\xfd\x9e\xbe\x82\x8f\xec\xf5\xf4\x14\xef\x00\xb9\x7f\xfb\
z\xd7\xde\x8f\xed\xeb_z\xa1\xfd\x9e\xbe\x82\x8f\xb0/\
\xa0\xa2\xf0\x0b\x97\x1f]\xb7\xfe\x1c\xd5Y\xf5\xb1\xbb\xf7\
d\xe2\xa5[H@\xfb\x82\x9d\xf6H\x7f\xe7\x98\xa5\xed\
#\xd8\x0a\x07P\xbd\x94\xee\x85\xbeJk\xad\xfc\xc3$\
\xd6\x9a\xc3\x1a\x8c\x05\xa9\x14`Q\xed{ 2!\xb0\
y\x0en\x06j\xe4V0Fr\x075bc\x88\xd8\
\xd4v\x8d\xba<\xe6\x8f}\xc5\xcf\xa17W\xb12\x80\
\xa3\x02\x96\x8a+\x12\x8eo\xc4\xf6\xa1\xd1\xe5\xc7A\x5c\
ez^\xa7\x10\x96\xd2A\x8a\xf3\xcb\xc8\xbc\xab\x86Z\
\xfds\x82q\xce\xbe\x1d\xd1\x9f\xd9\xdb\xd0\xf0\xb3\x0aV\
\x972+\xd3\x96\x85\xa2\xbe\xe8\xf3\x82\x8a(\xa0\x02\x8a\
(\xa0\x02\x8a(\xa0\x02\x8a(\xa0\x02\x8a(\xa0\x02\x8a\
(\xa0\x02\x8a(\xa0\x02\x9bN\xa6\xd0\x01NO\xf5\x83\
\xebM\xa7\xc5\xf7\x87\xd6\xb2\xab\xf00\x89\xe8z,{\
m\x90\xe3\x19\x15\xa3Y\x167N\xb6\xb1\x81\xe9S\xfd\
\xa9\xeb\xf0\x5c\xc6\x95J\xd8\x99\xc9\xf7>\x9a\x8c\x92\x82\
F\x85g\xea\xbf\xf2\xcf\xebG\xda\x9e\xaa^\xca\xd2\x01\
\x9ay~\x1aJ\xb2l*\xcd8\xb3^\x12\x0cc\x1e\
\x95%e\xc33F\x9cT\x9fjz\xe5\xaf\x83\x92\xa8\
\xd1q\xa8\xachQY\xff\x00jz>\xd4\xf5\x9f\xd5\
&>dhQY\xff\x00jz>\xd4\xf4}Ra\
\xcc\x8d\x0a+?\xedOG\xda\x9e\x8f\xaaL9\x91\xa1\
Eg\xfd\xa9\xe8\xfbS\xd1\xf5I\x8724(\xac\xff\
\x00\xb5=\x1fjz>\xa90\xe6F\x85\x15\x9f\xf6\xa7\
\xa3\xedOG\xd5&\x1c\xc8\xb7u\xff\x00\x1e\xcf\xf4\xaa\
\xfaO\xfc{Uk\xab\xa7\xfb;\xfd*\xbe\x95t\xff\
\x00f\xafJ\x9e\x12_S\x97\xaa2s^\xd1\x1b\xd4\
V\x7f\xda\x9e\x8f\xb5=y\xbfT\x99\xb72.\xc8\xbe\
b05\xe7\xfa\xfc^V\xa1 \xed]\x9f\xda\x9e\xb9\
\xaf\x10\xa0}\xf2\x1e\xb5\xf6\x5c\x1a\xe7C\x14\xe2\xf6h\
\xe0\xc7\xdaP9\xfa)\xabN\xaf\xd6\x8f\x0c(\xa2\x8a\
\x00(\xa2\x8a\x00(\xa2\x8a\x00(\xa2\x8a\x00\xff\xd9\
\x00\x00kp\
\x89\
PNG\x0d\x0a\x1a\x0a\x00\x00\x00\x0dIHDR\x00\
\x00\x00\xb4\x00\x00\x00\xb4\x08\x06\x00\x00\x00=\xcd\x062\
\x00\x00\x00\x01sRGB\x00\xae\xce\x1c\xe9\x00\x00 \
\x00IDATx^\xec]\x07tTE\x17\xfe\xb6\
\xb7\xf4\xdeCH\x02\x84\x84\xde\xab\x8at\x91*\xc5\x82\
(\x82\x0a\x22M\xa5X\xc1\x82\x15D\xba\x14A\x04\xa4\
#\xd2\x11\x01\xa5H\x87@\x12JBH\xef}\x93l\
\xdf\xf7\x9f;\xcb\xa6\xee\xa6\x90\x04\xc5\xdf{\x0eG\x93\
\xcc\x9b7o\xe6{\xf3\xee\xdc\xf2]\x1e\xfe\x93jg\
\x80\xe38~N\xcey\x9b\x1c\x5c@6r\x00D#\
\x87\xfd\x17\xe8 \x9f\x9f\xa43*m\x0b\xf5\x09\xecg\
#tP\x19\xd2\xa15\xe6Z\xec\x97\x0f\x09\xe4B\x0f\
\x88xv%\x7f\x17\xf0\xa4\xb0\x15\x05@\xc8\xb7Q\x9e\
+|\xc7\xc7\x09N\x00\x82\xe1\xcc\xfe\x1b\x04''\xfa\
M\xa7B\x1e\x8fg\xacv\xb0\xff\xe7\x0dx\xff\xe7\xcf\
o\xf1\xf1STg\xfc\x8b\xf4\xf16\xb9\xdap\x14j\
\xa3\xe0(\xea\x14\xe4$\x0d\xfd%Ow\x07jC:\
T\xfa4h\x8c\xd9\xe0`\xa8\xf7\xe9\xe3A\x00\x99\xc0\
\x1dR\xf6\xcf\x15\x0a\x817$|'d\xaa/\x0f\xd5\
\xf1\xb2c\x1c\xc5\x1d`/j\xa4q\x93v\x8d\xa9\xf7\
\x9b\xff\x0b:\xfc\x0f\xd0\x00R\x0aN\xb8\xe8\xf9E\xed\
25\x97\x91\xa3\xb9\x0e_y\xdf\xcf\xf4\x5ca\xbb\x02\
}\x0c\x8a\xf4I0p\xaa\x7f\xc4R\xdb\x08\x03`'\
jB\x00\x8fO(\xda\xfd\x9aB\x10\x04WiG\xc8\
D\x8e\x91>\xf2\x81I\xff\x88A\xfe\xcd\x83\xf8\xbf\x05\
tRV\xf8\xb8\xb8\x82\x83\x22\x81-\xe1\x80\xd7\x5c!\
\xf0\x99\xa1\xd4\xc7\xa3\xd8\xf0\xcf\x01pU\xd8\xe0A\xc8\
vr\x1b\xa1?t\x9c\xf2G\x8d>\xfb\xb4\xa7\xb4\x0f\
\x5c%\x1d\xe1 k\xba\xf6o\xc6\xd5\xdfv\xfb\xff+\
@\xa7\xe5\xde\x1a\x9c\x98u\xb9MD\xdc>x:5\
\x9f\xab\xd4\xc5J\x9c\xfd\xd5\xd0rY\x7f\xdb\x02\xd4\xd7\
\x8dE<[\xd8\x8a\x1aC.\xf4A\xae.|\x9e\x97\
\xb4\x0f\x5c\xc4\x1d\xef\xdaK\x827\xd5\xd7=\x1e\x85~\
\xfe/\x00}\xf9\xf6\x8e\x1e)y\x11/\xaa4Y=\
\xb4\xfa\xe2\xa6\xb9\x85\x89P\xeb\x0a\xc0\xe7\xf3\xe0\x15 \
\x85\xa3\x9b\xe8QX\xab\x1a\x8fQ\xc8S@.\xf4\x82\
\x88\xef\x90\xc4A\x7fX\xc1\x0f\xd8\x17\xea8\xf9\xd7\x1a\
w\xf0\x087\xfcW\x02\xfaBJ\xc6n\x80\x93\xf35\
\xb7p%z=\xb4\x9a\x14\x1f>_\x18\xaa\xd2\xe4\xc2\
\xc8\x95?\xc8I\xe5\x02x\x07H!\xb7\x13<\xc2\xcb\
hy\xe8<\xf0!\xe4+\xe8\x8fweB\x8f\x18\x1f\
\xe9@\x08\x05N\xafy\xc9\xba\xc5\xff\xeb\x1e\xf6\xfe\x03\
\xfd\xab\x00}\xe4^\xd2\xf772\xb2\xbb\xb5qw\x09\
\xc9,V\xf1\x0b\x8b\xeeB\x99\xba\x12z]\x8a\xd5\xf5\
\xe3\xf1\x00{'\x11\xbc\x1aK!\x10\xfe\xab\xa6\xa3\xdc\
3\xf3yb\x90Z\xc2\xe7\x89b\xfc\xe4C4\x01\xb6\
#\xc3\xfe\x8d\xa0\xfeW\xac\xe0\xa6\xc8\xe8\xb9\xa9J\xd5\
\x1c\x95A/w\x95I\x84\x00\x0f\x1c\xc7\x81\xe3\x0c\xd0\
\x17\x87C\x97\xbd\x1e\x9c\xb1\xd0\xea\xfa\x09\x85<\xb8z\
K\xe0\xe2%\xfe7\xaeq\x85g\xe2\x11\xa8!\xe0)\
\x0a\xdc\xa5]n\x869\xcc\xec\xfcoz\xe8G\x12\xd0\
\x1c\xc7\xf1\x0e\xc5\xc4\xd8\xaat\xbc'\xf3t\xfa\xdd7\
\xb3\xf3!\x15\x08\xe0,\x13C,(\xaf:pF5\
\xf4\xca\x13\xd0\xe7\xff\x0a\xfa\x7fk\x22\xb3\x11\xc0\xd3_\
\x0a\xc5\xbfP\xf5\xa8\x0a\xb0\x12\xbe3\x9c$\xad\x7fT\
\x19S\xa6\x0a\x9d\xc2T\xedy\xaf\xe9\x1ee\x80?r\
\x80\xfe+%%\xe4t|\xa6\x9d\x87\xad\xfc\xdc\xf5\x8c\
\x1c\xe89\x0e2\xa1\x00.R\x09$B\xcbz0g\
(\x84.\x7f?\x0368\xad\xc5\xf5\x22\xd5\xc3\xd1U\
\x0cw_\x09\x84\xe2GnZ\xea\x8cA\x85\xd0\x0f\x12\
\x9e\xf3Gb\xbe\xe7.\x85\x930&\x987US\xe7\
N\xff\x86\x0e\x1e\xa9\x95[z1\xa2\x9b\xaf\x83\xcd\xd1\
K)Yr\xa5N\x07>\x8f\x07[\x91\x10NR\x09\
D\x02~\x95\xd3\xc7\xe9\xd2\xa0\xcd\xd9\x01\x83:\x1c\xa8\
p04_(\x14\xf1\xd8.m\xef\x22\x02\x01\xfc\xff\
M\xf8\x10\xc3I\xdc\x0aZ}\xdek\xae\xb2\x0e\xf1\xc1\
\xf6\xe3\x8f<js\xf0H,\xdb\xe1\xd8\x84\x1e\x17R\
\xb2\x9b\xf2x\x98\x9f\xadV{q\x1c \xe0\xf1`'\
\x16\xc1A\x22\xae\x16\xcc\xe6E1\x14_\x856g+\
8}\x86\xd5urp\x11\xc1\xc3O\x02\x91\xa4\xea\x17\
\xe4Q[\xe8\xda\x8c\x97\xe2M\x9c%mP\xa4K\x9d\
\x18j75\xd7Y\xdejWm\xae\xff;\xdb\xfe\xa3\
\x01\x1d\x9d\x97\xd76\x223\xff\xe9\xb8\xbc\x82\xc1\x19\xc5\
\xea\xb6\xc5:=\x9b+\xda\x99\x1d\xa5b\x06f\x02v\
\x8d\x85\xd3B\x9b\xbb\x1bz\xe5I\x80\xb3\xfcE\xa5]\
\xda'H\x06\x1b{\xe1\xff\xe5.]v.\xc5|\x07\
\xb8J\xbbd\xf2\x8d\x8a\x99\xa1N\xaf?\x12\x0e\x9aZ\
\xa0\xa1\xc6\xb0\xa9\x97\x86;\xa3\xe3C\xd5Z\xdd\xca\xa4\
\x82\xc2\x1e\x19\xc5j\x18h[&'5\x8f\x07\xe7\xfb\
`&`\xd7V\x8c\xda\x14h3\x97\xc3X\x85)\xcf\
\xd5K\x02Wo\xf1\xbf\xda\x8cW\xd3y#s\x9fT\
\xe0\x9ed#\xf0;\xec%\xed\xb3\xcfC\xd1\xfd\x1f\xed\
\xa0\xa9=\x22j:\x13uh\xf7\xcd\x99+\xfez\x81\
`W\x81F\xdb\xae\xe8\xfe\xael\x06\xb3\xabL\xc2T\
\x8d\x07\x01\xb3iHF\xe8r\x7f\x81\xae\xe0\xa0U]\
Z\x22\x13\xa0Q3\x19\xc4\xd2\xff_\xb5\xa3\xfc\xf2\xf1\
 \xe6\xdbS\xdc\xc8]\x01\xcfvJ;\xe7y\x87\xeb\
\xb0\xbc\x0dz\xe9?\x0e\xd0\xbf\xc7\xa5D\xec\xbb\x1b/\
\xe1\xf3xA\x06\xa3iW6\x8b\x9b\x5cZG0\x9b\
z\xe2\xf49P\xa5\xbc\x07X1\xe3\xd1\xc6\xef\xd7T\
\x0e;\x07f\xd2\xfeO\xee\xcf\x00\xd9\xaf\x01q\x8a\xbf\
\xfc\xe9\x5c9|\x86\xfa\xda\xf7\xff\xc7\x85\xb0\xfe\xa3\x96\
k]\xf8\xed\xa4\xa8\xec<o\xbd\xb1r\x1c\xbb\x83D\
\x04g\x99\xb4v:\xb3U(r\xd0fm\x84\xbe\xf0\
\xa4\xd5\x16d\xc2\xf3n,\x05\xef\xbfM\xba\xd2\x1c\x11\
\xb0\xa5\xbcv\x85|\x81\xadWw\xd7\xd9\xca\x7f\xd2\x1b\
\xff\xb7\x03\xfalb\xa2\xecR\xb2Z\x94\xabS\x9e\xcb\
\xd5hB\xca\xef\xc9\xa6\xa9\xb2\x17\x13\x98%\x10\xf2\xeb\
\x0f]\x86\xe2\x08h2\x16Z]\x0bR7\x82[*\
\xc0\x17\xfc\xedS\xf4O\xc2K\xb9\xb1\x18\x0c\xdehj\
3G\x99\xa8K\xf3z\xc2\xed\x09\xeb\xae\xd8\x87\xf8\x04\
\x7f\xebj\x1d\x89\x89q\xe3\x0b\xa5+\xae\xa6e\x8fH\
)*\xc6\xfds_\xc9\xe3\xd3\xe0\x14\x22!\x03\xb3\xa4\
\x82\x07\xb0>\xe6H\x958\x03\x9c!\xcfjWMZ\
\xdb@\x22\xab\xbf\x97\xa8>\xc6\xfcO\xeb\x833\xdaA\
\xca\x8d\x89\xc9\xd1e\xf4\x1e\xd1x\xca\xdf\x1e\xf4\xf4\xb7\
\x01zSx\xb4\x0f\x84\xbc\x05\xf7\xf2\x95c\xb3\x8a+\
\xbb\xa4i`R\xf2\x00\xca\xa4\xcc\x13\xd8\x10\xa2\xcd\x5c\
\x0b}\xd1\x19\xab]\xfb\x06\xc9\xe1\xe0*l\x88[\xff\
\xab\xfa\xe48\x19t\xbaV\x97m\xf8M\xdes\x95\x0c\
\x8ei\xe1\xeep\xf7\xefz\xc0\xbf\x05\xd0_\x9e\x0b\xf7\
\x11\xf3y\x9f\xe6ku\xe3r\xd5\x96]\xd1\x22>\x1f\
.2\x09l\xc4\xa2\x06;\x97\xe9\x0b\xfe\x846g\xbd\
\xd5\xb9wv\x97\xc0\xab\xb1\xe4\xefZ\x9bG\xe6\xbe\x1c\
\xc7\x87F\xe7\x07N7\x18\x8e\xe2v\xbf\x0a\x85\x98\xd5\
\xdd\xdb\xfb\xf6\xdf\xf1\x00\x0f\x1d\xd0_\x9f\x09w\xd3\xf1\
\xb8o\x0a\xb4\xda\xb1*\xbd\xe5$Sr\x96\x90;\xdb\
^R\x17\xf3\x5c\xf5\xd3i\xd4&C\x9d\xf2\xbe\xd5\x86\
\xb6\x0eB4\x0a\x91W\xdf\xd1\xffq\x0b#'A\xb1\
:\x14JU\x07\xa8\xb4AP\x08\xe5p\x96K\x7f\x95\
\x89y3\x9f\xf4\xf3{\xe8;\xf5C\x05\xf4\xa2\xb3g\
e\x05F\xe9O*\xbd~\x84\xda\x0a\x98i@\xe4\x01\
t\x92I\xea\xc9\xa2a\x1dm\x14}\xa7J\x9c\x0ap\
\x96\x03\xccd\x0a\x01\x82Z\xb2\x00\xf9\xff\xc4\xc2\x0ch\
u\xde\xc8/\xea\x09\x95.\x08:\xbdKI\x0b\xb9P\
\x08\x1b\x89\xe8\xb0\x18\xc2W\x864\xf3\xb3\x1e\x8c\xde\x00\
\xb3\xfaP\x01=\xf7\x8f\x0b\xc7\xb4\x06\xeeIKf9\
\xf3\xb3\xc9\x85\x02x(\xe4\x10\xf2\x1f\xc2\xd08\x0dT\
)\x9f\x80\xd3%[\x9cZ\xb2p\x84v\xb4m\x80i\
\x7f\xb4\xbb4\x1aelG\xa6\x7f\x1a\x9d\x0f\x05#T\
z R\x19m\xc5\xa236*y\xdf\xa7\xdb{\x15\
?\xac'~\x08\xa81=\xca\xdc?.\x9eS\xeb\xf5\
\x9d*\xf8J\xca='y\xff\xfcl\x15\x10W\x139\
Wo\x93\xc3i\xa1N\xfd\x12Fm\xac\xd5.[t\
)%\x84\xa9\xb7\xfb>\xc2\x1d\xa9\xb5\x01\xc8+\xea\x05\
\xb56\x10\x06c\xd5_/R\x1d\x1d$\xe2\x9bcB\
\x83\x9a?\xacG~(\x80&0\xab\xf4\xfa\x8e\x1cW\
\xf5\xf9\xceK!c\x87\xc0\x87&\xff\x01\xba\xc6Sm\
0\xd8!\xbf\xb8\x1b\x94\xc5\x9d\xa17\xd2K^3s\
&\x01\xccY&M\x1e\xdd<\x90\xb6\xf2\x06\x97\x06\x05\
4\xe9\xcc\x99:\xe1>\xb5\xde\xf0dU;3=%\
9O\xdc\xe4\xb2\x87\x1b\xe1\xf6\x1f\xa0\xab\x05\x18\xc7\x89\
\x99\x05#G9\x80\x1d\xfa\x1eD\x08dNR\xc9M\
\x85J\xde\xbe\xa1\xd5\x8f\x06\x034Y3\xf4|nE\
\x8eZ3Bk\xa8\x9a\x92M*\xe0\xc3C!\xab\x94\
>\xf5 \x93W\xabk\x8c\x1a\xa8\x92?\x00g\xc8\xb4\
x\x99X\xc2G\xd3\xb66\xb5\xea\xf2\x9f\xdc\xd8\xa0\xe7\
P\xa4\xd4\x813\x82y@\x15vBF\xe5`I\x08\
\xc8:\x83#\xf2\x8b\x9e\x80R\xd5\x1e\x1cW\xb7/'\
\xa9\x1f\xf6\x12\xf1\x19\xb9@<\xaa!\x0f\x8a\x0d\x02\xe8\
%\xe7\xc2}\x8a\xc0-\xc8Sk\xc7Z\xb3f\x98'\
\x91\x1e\x94\x22\xe8l\xc9\xde\x5c\xc3p\xd0\xdc\xf4t\x14\
\xe6\xe5\xc0\xc5\xcb\x072[\xcb\x876J\x92\xcd\xcf\xcc\
\x8027\x07\x0en\xee\xb0u$\xe2C\x93\x18\x0d\x06\
\xc4^\xbf\x06\xb9\xad\x10\x0e\xc2\xc5V1\xa8\xb0\x15\xa0\
q\xd8\xbf\xc3\xca\xa1.6 \xe2B.\xeeE\xe5\xc3\
\xd1M\x82\xb4\x84b\xb4\xe9\xe1\x8a\xd0\x0e\x8e\xe5\x9e\x9f\
\xe3\x84\xd0\x1b\x9cP\xa4\x0eE~q\x0f\xe8\x0d\xce\xf5\
\xf6\x8e\xd2A\xd1Q&9\xec$\x17Ni(\x93^\
\xbd\x03\x9a<\x80\xb9:\xcd\xa7\xa9E\xaaqeC?\
\xad\xcd\x0a\xd9\x9a\x9d\xa5\xd2ZY5\x8em\xda\x80\x0b\
\x87\x0e\xa0\xe73\xa3\xd1}\xd83\x16\xbb\xd6k\xb5\xd8\
\xb5\xf8\x1b\xc4E^\xc7c#\x9fE\xe7ACJ\xda\
\x15\xe5\xe7\xe1\xd3\xd1\xc3\x10\xd8\xd2\x0f\xcfM\xb6\xae\x0b\
R\xf6\x8ao\xb0\xac\xde\x16\xf4\xef\xec\xe8\xda\xe9,\xac\
\xff\x22\x06O\x8d\xf5\xc1\x93#\xbc\xb1p\xe65d\xa7\
\xe9\xf1\xe5\xf6\x0elX\x1a\x15\x87\xf4d@\xa4h\x09\
N\xdc\x0d*m\xd3\x1a\xeb\xc9\xb5y.2\xe9\xb9\xc8\
\xa5\xbf*\x04\xc2Y\xbd\x1a\xd7\xbf\xf3\xa5^\x01}&\
&\xcd-Y_\xfcMTV\xeeXk\x1e\xc0\xb2\x0f\
O\xd6\x0c7\x99\x14rQ\xed\xdc\xcb{\x96-\xc6\x1f\
[7\xa1QXK\x8c\x9b\xbf\x00\x8e\xee\x1e\x95\xe64\
56\x06\x8b&\xbe\x04\xce`@\x9f\x97&\xa0\xdfK\
\xaf\x94\xb4Q\x17\x15\xe1\xf0\xba\xef\xe1\xe2\x12\x83\xb6]\
\xad\x131z\x05\xc8\xe0\xecQ\xb7Omm\x16\xbb!\
\xdbn^\x1c\x8d\xb3\x87\xd3\xf1\xfe\xf7m\xe1\xe9/\xc7\
\xf1\xdd\xc9\xc8N\xd3a\xe4\xe4\x00\xe8\x0d\x0e\x88\x8e\x90\
\xe2\xc0\xc6[\x08\xe9\xfe\x12\x9at\xe8\x01~\x03\xc4\xce\
\x98\x9f\x8f\xd6\xdb\xcf\xde\xe6W7\xa9bf}\xbb\xc9\
\xeb\x0d\xd0\x89\x89\x89\xb2T\x81\xf8\xa7c\xf1\xa9#\xd2\
\x8b\xaag\xebdiT\x121K\xa5\xaam\xb0\xfe\xaf\
+\x97\x22\xe1f\x14\xd2\xe3\xef\xa1\xef\xb8W\xd0c\xf8\
\xc8JX\xd8\xb3d\x11b\xc3\xaf\x2239\x09O\x8c\
y\xa1\x1c\xa0\xa9qZl8\xe4\xc6\x1f \x14\x16\x94\
\x02\xbd\xd8\x00\x9d\xd6\x00\xb9\x8d\x88e\xabPpRV\
\x9a\x0a\xf6Nb\xd8\xd8W\x01l\x0e(*\xd4#/\
S\xc3\xd4\x18GW\xeb\xeer\xbd\xce\x88\xfcl-H\
\x05pp\x95@a[\xfee\xd6i\x8d\xc8\xcd\xd4\xc0\
\xc9\x95\xb2\xcf\xf9\xec\xff\xb5\x1a#\x9c=\xa4 \xfe\x90\
\x8aR\xa4\xd4\xa3 G\x0bJJpp\x16[\x8d\x0e\
\x5c6\xf7&\x22.fa\xde\x0f\xed\xe0\xe1'GA\
\xae\x0e\x02\x91\x13\x0c\xfc0\x14k\x9a\xe3\xfa_\x19\xd8\
\xfe\xcd*\x0c\x9c8\x09-{>\x01^=F6Z\
zQ\xc9y&\x11\x08\xfb?\x13\x12P\xaf\x89\xb8\xf5\
\x06\xe8%\xe7\xa2\xed\xf4|U~|AQ\x8d6\x1a\
r\xa0P\xc0~E\x1e\x8d\x9a\x5c\xbc\xef\xfb\xe5\x8cH\
&;)\x11\x9c\xd1\x88g\xde\x9e\x03;\xa7R]O\
\x99\x93\x8d/\xc7\x8e\xc6\xd0io\xe1\xb7\x9f6\xa0\xed\
\x93}+\x01z\xe9\xa4\x17\xe1\xd3(\x09\xfdF\xfb\xb3\
[\xaaU\x06\x9c;\x9a\x81\xa8\x0b\xb9\xe8=\xd2\x0b2\
[>\xa2#r\xa1S\x13\xc0\x0ch\xdb\xd3\x11\x83_\
\xf2\xaf\x94<K\xc0\xdc\xb6,\x1ai\x09\x1a\xf87Q\
@\x99\xa7c\xe0\xea=\xd2\x1b^\x8d\xca\xe8\xdf\x1c\x90\
\x96\xa8\xc2\xae\xd5w!\x10\xf2\xd9K\x92\x18\xa3B\xcb\
\xce\x8ex|\xa8'\x88\x92\x8c\x0emG\xb7%\xe1\xe4\
/\xe9x|\xa8;\x1c\xdd\xc4\xb8p,\x03iIZ\
4kc\x8bg\xa7\x06A$6\xa9H\x05\xb9Z\x9c\
\xdc\x9b\x8a\x84\xe8B\xb8yK\xd9K\x92\x93\xa1\xc5\xb0\
\x09\x8d\xd0\xa4\x95}\xc94\xa6'\xa9p\xf6p\x1a\x8e\
lIEF\x8a\x1a\xdd\x06\xba\xb2sG\xab\x9e\xdd\xd0\
\xa8\xf5H\xe8\xf5N\xb8u%\x1aG6\xacG\xfc\x8d\
p\x04\xb6m\x0f'//\x84t\xec\x82\xb0n=j\
\xb2\x1c\x0f\xdcF\xc4\xe7_\xe6s\xdc\x88\x09m\x9b\xd7\
[\x94^\xbd\x01\xfa\xcbs\xe1Q\xa9E\xc5!\x15C\
@-=-\x1d\x04\x9d)VC*~\xa0\xc0#\x02\
\xb4\xc2\xde\x01N\xee\xee\xd8\xbd\xf8\x1b\x0c\x9e2\x1d\xed\
\xfb\xf4/\xb9\xd5\x91\x0d\xeb\x90x\xfb&\x06Oz\x13\
?\xce\x7f\x1f-{<^\x0e\xd0\x94W8\xbb\xef\x10\
x\x05rx\xed\x83\x16\xec:\xda\x19\xf32\xb5\xd8\xbf\
1\x01|\x81\x11\x06\xa3\x01\x13>h\x06G\x17\x09.\
\x1e\xcf\xc2\xfe\x8d\x89x\xf1\xed\xc6\xe81\xc8\xb3\xdc#\
}\xf6\xfaUd\xa4\x14c\xea\xe7-\x19\xafGFR\
1v\x7f\x9f\x80\x80\xe6\xb6\x18<\xde\xafd\x07\xce\xcd\
\xd4\xe2\xdb\xb7\xc2\xe1\x1d\xa8\xc0\xb0\x09\x01\x10\x8a\xf88\
\xb5/\x15\x87\xb6\xa4\xe2\xfd\xd5\xad\xe0\x13(g\xe1\xb3\
\xe9\x09\xc5\xd8\xbd:\x1eg\x0fg\xe0\xc9\x91\x9e\xe89\
\xc8\x03Q\x97r\xb1kU\x22V\x1c\xeb\x0c\xb9\x8d\x10\
F#\x87\xcb's\xf0\xd3\xc2h\x0c~\xd9\x07\xed\x1e\
se\xe3?\xba=\x09\x7f\xee\xcd\xc4\xe2\xfd\x9d!\x96\
\xb9@o\xb0\x85NcDn\x8e\x1c\xeb?9\x8d\xe8\
\x88\x0c\x8c\xfd\xf0c8\xba{Aao\x07\xa9\xc2t\
PV\x15\x15\xe2\xfa\x9f'q\xf4\x875\xe8;n<\
\x03\xb5\xdc\xc6\x16r\xbb\x86u*\x11\xf8\xec%\x92\x18\
\x11O\xd3fThh\xbd\xc4S\xd7\x0b\xa0\xb7D\xc5\
$]H\xcd\xf4\xae\x09\x98i\x02)\x1c\xd4S!{\
\xe0\x80}\x024Y-\x9aw\xee\x8a\x1d\x0b\xbf\x80\xbd\
\x8b+\x06O\x9e\x0a;g\x17h\x8a\x8b0o\xe8S\
xi\xc1Wp\xf6\xf2\xc6\xfa\x0f\xe6\x94\x034\xc7i\
\xa0M\xff\x16K\xe7\xecd6\xefI\x1f\x99\x00MB\
\xe3\xdf\xb9\xf2\x1e.\x9d\xc8\xc4\x87?\xb4D\xc7']\
\xd9'\x9c,\x02\x0b&]CP\x98#\xa6~\x19R\
\xd2\x9ev\xcf\x05\xafG\xe2\x9d%\xcd\xd0u\x80'\xeb\
\x8fv\xce\x0d_\xdcEn\xa6\x1a\xaf~\xd4\x94\xe9\xab\
$\xbbV\xdd\xc3\x81\x8d)\x98\xbf\xb1\x15|\x83L\xa6\
\xc0\xbf\x8e\xa4c\xf5\xfchL\xfc\xb0\x09:\xf7ue\
&4\xda\xf1\xf7mH\xc4\xd6\xa5\xb1xqVc\x0c\
~\xa9\x11\xd3w\xd7}v\x17K~\x9b\x00\x81\xb81\
\x8aT\xde8\x7f\xf0\x0c\x0em<\x86gf\xce@\xd3\
\xf6\xedY\x7f)1q\xf8j\xdc\x0b\x18\xf1\xf6\x0c\xf4\
\x18\xf6\x0cJ\xfdX<l\xfe\xf8c\xc4\xdc\xb8\x8e\xc9\
\x8bW\xc0\xc5\xcb\xbb\xd2>s\xfb\xd2\x05\xec\xfe\xf6+\
\x0c\x9d2\x03!]\xba=\xf0\xae[\xdb\x0b\x09\x80\xc1\
N\x0e\xca>\x01\xde\xf5\xf2\xf6\xd4\x19\xd0W\xd2\xb2\x22\
\xb6D\xdd\x0d\xd5YH\x9b\xb2\xb6;\xb3DW\xc9\x83\
\xf3\xc8\x99\x01\xdds\xc4H\x9c\xd9\xb3\x0bG7\xae\xc7\
\x88\x99\xef\xa0\xd5c\xbdp\xf6\xd7=\xb8t\xf4\x10\xa6\
-_\x83\xac\x94\xe4r\x80\xe6\x8c\xc5\xd0eo\x85\xbe\
\xf8\x1cV\xce\xbb\xc2\x86W\x16\xd0\xf4\xf3\x8e\x95\xf7\x10\
\x13\x91\x83\xafwu\x84w\x80Ie\xc8\xcb\xd6b\xf5\
\xbc[\x10KD\x98\xfeM)\xa0\xd7}v\x13\xbb\xbf\
O\xc1\xbe{\xbd\xc0\xe3\xf3`4pH\x8c)\xc4\x86\
/b\xe0\xe4&\xc1\x0bo\x05\xc2\xc9\xdd\xa4OO\x1b\
t\x06Z\x95\x00+\x7f/\xa5\x92;\xb63\x09w#\
\x0b0jr`\x89\xdeM\x80\xde\xffc\x22N\xfc\x92\
\x86W?j\x86f\x1d\xc2\x10\x1b\x13\x8cBU+8\
z4*1m\xa6\xc7\xc7\xe1\xf8\x96\x9f\xd0\xa4}G\
\xb4\xe9\xd5\x1bF\x9a\x7f\x8e\xc3\xec\xde\xdd\xd1\xfb\xe5\x89\
\x18\xf0\xf2\xc4r\xd3\xbf\xf9\x93\x0fq\xf7F\xf8?\x0e\
\xd0\xe6A>\xe6\xe7Y\x10\xe6\xeaT\xaa+\xd5\xf6\xcd\
\xb8\xdf\xbeN\x80^v%\xca?\xa9@yL\xa57\
\xd6\xd8\x85Df\x1bo\x1b\xf2\x08>\xf8\xad\xcd\x80~\
|\xd4\xb3H\x89\x8d\xc1\x9e\xc5\xdf\xb0\xdd\xb8\xf7\x8b\xe3\
\xb1\xe1\x839\xe8\xff\xf2\x04\x84u\x7f\xac\x0c\xa0{\xa2\
\xef\xd8g\xa0\xcb\xdb\x0f}\xe1\x19\xc6\xc9\xb1r\xfe\x0d\
\xab\x80\xce\xc9P\xe2\x83\xb5\xed\xe0\xeec2\xd9Y\x03\
\xf4WS\xaf\xe1\xe4\x9e,|\xfcS+\xb8y\xc9\x10\
{\xb3\x80\xa9'\xc5J\x03\x9e\x9d\x16\x80&\xad\x1cJ\
\x96et\xeb\xe3h\xd7\xd3\x09\xb3\x96\xb4\xaer\xa9\xcc\
\x80>\xbe'\x07\xcf\xce\x1a\x0b\xbf\x96\xa3\xa17T^\
g:;\x14\x17*\x91\x9b\x9e\x86\xec\xe4$\xe4fd\
\x80\x03\x87_\xbe\xfd\x06\xfd_\x9d\xf4\xc8\x01Z,\xe0\
\x17\xda\x8bDmF\x85\x06\xd5)\xf1\xf6\x81Qu<\
>5\xf4zz\xd6\x8f\x89\x85\xc5\xed\xaa\x8a\x9e+\xbb\
z\x84aO\xb9\x1c6\xe2\xda\x99\xe9*\x22\xa0,\xa0\
\x0dz=Nn\xdb\x8c\xf3\x07\xf6\xa1i\xc7NH\x8d\
\xbd\x8bW\xbf\xfc\x16b\x99\xec>\xa0g#\xacs\x08\
\x9e\x1c\xe6\x0dC\xd1\x05p\xf7\xeb\xa5X\x024\x8d\x8f\
vh\x85\x1d\x0f\xaf\xcek\xc6\xac\x06U\x01z\xe1\x8c\
p\xfc\xbe3\x0bo~\x11\x0c\xb1\xd4\x94U\xe3\xe0\x22\
f@\xb6u(o\x15\x19\xdd\xf2$\x9a\xb7\xb7\xc3G\
?\xb4\xad\x16\xd0\xfb~L\xc2\xd1\x1d\x02\x0c\x9f1\x0b\
M\xdaw\xaa\xd4\x9e\xc0\x9c\x91\x98\x80\xf3\x07~e@\
\x0e\xe9\xdc\x05\x81-[A,\x95\xe1\xa3!\x03\xd0g\
\xfc\xa3\xb7C3}Z*\x89\x0ft\xb4\x1f\xd1\xd9\xcb\
\xf5\xf2\x03n\xd0\x0ft&c\xf7\xda\x1c\x15\xb3\xe6v\
v\xfe\x84|\x8d\xe5\x8c\x13K\x03\x22\x86P_[y\
\x9dvg\xea\xb7,\xa0\xe9g\x02\xf1\x8e\xaf?Gb\
\xf4-\x8c\x9e\xf5\x1e\xb3j\x90\x1d5+9\x09?\xbc\
?\x03\xcd[s\xe85\xd4\xa1\x1c\x0f\x87%@\x93\x09\
\x8dtW\xa1\xd8X#@o]\x12\x83M\x0b\xe3\xf1\
\xe5\x8e6\x08\xedX\xea\x89\xa41\x91\xa9\x8dL\x7f\x82\
\xfbI\xb6\x1f\xbex\x11i\x09z,\xfc\xa5}9\xb0\
k\xd4\x06h\xd5Ff\x16\xa4\x17JU$\xc0\x9e\x1f\
\x8ap|O6\x03t\xd3\xf6\x1d+M\xa5\xaa\xb0\x10\
\xc76\xaeg\xde\xceg\xde\x9e\x0d\xef\xa0&\xa0\x17\xfb\
\xdc\xfe\xbd\xd8\xfe\xe5\xa7\xe8\xff\xea\xe4Gn\x87\xa6\x87\
$O\xa2\x8f\xad\xe2\xc8\xc0 \xbf\xd2\x13~-\x91\xfd\
@;\xf4\xd2\x8b7\x1eOWi\x16\x16\xeatmk\
z\x10\xa4q\xd1A\x90\x5c\xdcu\x15\x02\xb4La\x83\
\xde/\x8cc]\x19\x0dz\xdc8\xf5'\x92\xa3\xef\xa0\
\xc73\xa3J\xdc\xdcY\xc9qX;\xe7%\x84\xb6\x11\
\xe1\xc9\xe1\xe5\x83\xbd*\x02Z\x22\xe5\xc3\xcdG\x8a\xf5\
\x9f\xdfAzr!\xde\xfe\xae%\x5c<\xa4\xe5vh\
\x1eO\x80i_7\x83Xb\xda\x8dc\xa3\x94\x98;\
\xe62\xc2:9`\xf2'!p\xf60\xe9\xcb)q\
E\xc8HR!0\xcc\xbe\x04\xbcG\xb6&b\xed'\
\xb1\x189\xd9\x0fO\xbd\xe8\xcb\xac\x1fz\x1d\x87\xb3G\
\xd2\xe0\xe1+CP\x0b{\xf0\xf9|\xe4\xe7{c\xfb\
j\x09\xce\x1f\xfa\xd3*\xa0\x0b\xb2\xb2\xf0\xf3\xe7\xf3\xc1\
\x199\x8c\x9e\xf3>\xb3\xf8\x5c\xff\xf3\x04\xb2S\x92\xf1\
\xdb\x8f?\xa0u\xef\xbe\x183\xeb]\x08E\xa5\xe7\x94\
\x9a\xea\xd0\x03^y\x0d\xa1]{@$5=\xfb\xc3\
\x16\x01\x8fw\xd7^\x22\x9a\xf9lh\xf0\x0314\xd5\
\x1a\xd0\xe7S2z\x84g\xe4,\x8e\xce\xcdo[]\
\xd0Q\xd9\xc9\x90\x09\x04\xf0\xb6\x95\xd7\xda\x89biB\
\x7f\xdf\xb2\x11YII\x18=\xeb]\xeb\xf3\xcd\xe9\x91\
vk3\xd6~\xb4\x18\xcdZ9b\xe0\xf3&{\xb3\
Y\x08\xd0\xc5\x05\x06\xbc\xb5\xb05Db\x1e\x88\xfe\xcb\
\xc1U\x84e\xef\xdeB\xd4\xa5,\xcc\xdf`r@\x90\
\x98uhU\x11\x87)\x9f7\x03\xe5\x1a\x92\x10 \x0f\
oI\xc4/?\xc4\xc3?\xd8\x0e\xde\x81R\xf0\x05|\
\x14\xe5\xeb\xd0\xb6\xa73\xda\xf4t\x81Tf\x02\xbf2\
W\x8bM\x8bbq\xfeX&B;:\xc2\xddW\x8c\
\xe2B#(6h\xf0\xcb~\xf0\xf0\x95\x83\x83\x10\xa9\
\x19\x83phK\x0a\xce\xec\xd9\x89\xe13\xdeAH\xe7\
\xae\x95\x9eQ]\x5c\x84\xe3\x9b\x7f\xc2\x99=;\xd0\xb4\
S\x17H\x14\x0a\x88Dbt~z\x08\xf6\xafZ\x8e\
\xb8\x1b\xe1\xe88\xf0i\xf4\x7fy\x22\xa46&\x8b\xca\
\xb6\xaf>C\xd4\xf9\xbf0\xe5\xbb\x95p\xf5\xf1\xad\xd4\
gfR\x22v|\xbd\x00Z\x95\x0aN\x9e^x\xf6\
\xdd\x0f!\x92\xdc\x075\xa7\x83Q\x97\x06\xa3&\x81\x11\
\xc7\xf3\xf8\xb6\xe0\x09\xec\xc1\x97\xf8\x82'\xa8\x17\xe3D\
\xc9x\xc8\xc9\xe6,\x93\xdc\x0e\xb0S\xcc\xea\xe0\xedQ\
kP\xd7\x1a\xd0\xdf\x9e\x0f\x9f\x90\xa7\xd5\xaf\xc9\xab\x85\
\xaaA\xa3\xad\xaf\xdd\x99\xfaJ\xbbw\x17Y\xc9)\x08\
\xebn\xdd\xf0o\xd4\xdcC~\xdc\x97\xb8}9\x196\
\x8eb4\x0e)?\xf17/\xe7\xa0Hi@\xa7\xde\
np\xf71\x81\x99T\x84\x9bW\xf2\x90\x93\xa6F\xdb\
\x9e.\x90\xd9\x98t}R\x1f\xa2.\xe6B]lD\
\x9b\x9eN\x90H\x05\xc8I\xd7 \xear\x0e\xb3\xf3\x12\
\xf0cn\x14\x82\x83\x11\x0a[\x11;L\x06\x84\xd8@\
aW\xfa5\xa2/\x199?n_\xcb\x079;\xc8\
\x11G\x1eE\xff&6\xcc\xb4G\xf7\xd6\x19\x5c\x90\x98\
1\x03iqYH\x89\xb9\x83\xc6\xadZ\xc3\xde\xd5\xad\
\x12\xf8\xc8\xa9\x94\x97\x9e\x8e\xdb\x97\xce\xa3XY\xc0\x00\
\xe8\x13\xdc\x04N\x1e^ `\xde\xf8\xf3$\xdc\xfc\xfc\
\xd1\xbckw\x08E\xa61\xc4E\xde@NZ*3\
uJ\x15\x95#\x08Ie\x89\x8b\xb8\x8e\x84[Q\xcc\
I\xd5\xbaW\x1f\xe6\x002\xa8\xef\xc2Px\x16F\xed\
=p\x86\x02S\xba\x1aO\x0c\x1eO\x0c\x08\xed\xe0\xec\
\xd5\x18\x02\x89?\x0a5\xad@\x99,\x96$/3\x03\
w\xaf]a\xce\xb0\xd6\x8f?\x09\xa1\xb8j\x0b\x17\x85\
D\xc8E\xc2y\xcf\x87\x06\xcf\xaf\xed\x17\xa2V\x80>\
\x18\x13\xdf-QY\xbc\xfdfv\x9e\x97%B\x18k\
7\x17\xf1y\xf0\xb3\xb3\xa9\xb7\x1cA\xa3\xd1\x00\xa3\xde\
P\xe5\xc4h\xd2\x16\xc2\xa0\x8a\x80\x81BWy\xa5\xba\
\xacy\x8c\xe4\x95#P\xf9\x06\xcba\xef,,q\x19\
\x93\xe9\x8d\x1c\x17\xb4\x98e\x0d1\x85\x05:\xdc\xba\x9c\
\x87[Wsq7R\x89\xe4X\x0d\x949zF\x15\
\xf6\xf3\xb5\x9e\xd0\xaa\x0d \xcb\x19\xd9\xad\xc9\x9bg\xcd\
\x88C}\x93\x13\x84B8\xa9]\xd9\xba.\xca\xe2N\
\xc8\xc8\x7f\x8ey?)\x22\x90/$\x06T+K\xc4\
qLo\xa6\x7f\x02\xb1\x08\x02A\xe9A[\xabVA\
 \xa4\x17\xb4\xf4w\xd4\x1f\xc7\x19\xc1\x17X\xef\x93\xda\
\xe8\xf5:\x08\x85\x22v\x06\xd1\xe7\x1f\x83\xae\xe0\x108\
\xa3\xb2R\xde%\xed\xa4^\x81R\xd89\xca\x00\xbe\x0c\
*M\x10\xf2\x8a\xfa@\xa3\xf3f/Yl\xf85\xc4\
EE \xf1\xce-\xa4\xdf\x8d\x81\xba\xb0\x10^A\xc1\
x\xee\xfd\xf9p\xf1\xae>\xd6\xdfF$\xca\xb4\x13\x09\
&\x0d\x0b\x09\xac\x15\x95o\xad\x00\xfd\xd6\xf1\xf3\xfd8\
\x8e;lf\x02\xad\xe9\xdbCl\xa1N2\xe9\x83\x9f\
@kz\xa32\xed\x8a\xe3(\x18\xc9z\x1c\xb6\x80\xcf\
C\xa3\xe6rP)\x8a\x9aX\x10\xaf\x9d\xc9\xc1\xfc\x97\
\xc3\xd9\x8el\x02}\xe9\xcd\x0e\xa7\xf4~\x80\x11V\xbe\
$#\xef\x05\x96\xa7\xf7O\x10]\xee^\xe8\x0a\xf6\x13\
\x11`\xa5\xe1\x10\x98\xbd\x03e\xb0w)K9\xccG\
\xb1\xa6\x09\xb2\x0b\x86\xe0\xdc\xe1\x08\xec[\xfe\x1d\xd3\xe9\
i\xf3\xa1\x17\x94\xc4?4\x0c\xe3>\xf9\x12\xee\xfe\x8d\
\xaa}D\x02f\xa8\xab\xa3\xca\xc7N\xfet\xa0\x83\xc3\
\xef\xd5^p\xbfAM\x01\xcd\x9b\xbbqgG\xb9\x8f\
\xd7\xb9\xd4b\x13\xaf2\x05\xaf\xd0[\x5c]T\x16=\
\xbc\x8f\xad\x9c\xd5@\xb1$\xe6]\xa6\x12m\x12\xddC\
 `\x9f\xcc\xda\xda\xac\x19\xbbh\xfe^\xabs@q\
\x13\x8dBd%q\x115\x99,\xda\x81\xd3\x12T\xb8\
x\x22\x03\xfb\xd6'\xb3\xd8\x0d\xb3\xd4\x17\xa0\xe33\xe6\
\xb3\xc8\xb7\xbf[\x0c\xea\x18h\xd2\xbf\xb6Z\xbe\x83\xce\
\x10\xee~\x96\xe9\x86\x89\xd2 -\xab/\x12\xef\xaa\x11\
\x7f3\x0a\xbb\xbe\xf9\x82yok\x0bhjOlY\
\x0a\x01o\xf8\x98\xb0&{y<^\xd5Y\x22\xb5\x01\
t\xa7N\x9d\xec\x94\x1aM~\xf4\x9dh\xd8\xdcw\x9b\
\xba6j\x0c\xbf\xd6\xed\xe0\xd3\xaa\x0dl\xdd<\xac\x02\
\x9bJFPj\x15\xed\x88\x15\x85\xbc[g\x7f\xd9\x85\
\xf3\x07\xf7A\xa3\xaa\x1c\xa1\xd7\xb4CGv\xb0\xa1S\
|mD\x9d\xf2)\x8c\xda\xca\x94\x10\xb4\x13\x135\x81\
O\xa0\x0c\x12y\xcdr\xe2,\xddw\xc5\xfb\xb7p`\
c2\x0b&\x22\xa9/@\xdfM\xfd\xae6\x8f\xd90\
m9\x1d4\x19\xcbaP]\xa7`\x80J\xf7\xa0\xca\
\x06~\xc12\xc8m\xad\xb3YQ\xdeaNa?\xe8\
\x0d\x8e\xf8\xf9\xcb\x058\xbd}\xcb\x03\x01\x9a.\x0a\xb0\
\xb7\x85\x9dH\x14\xd6\xdd\xdf3\xb2&\x0f\x5c\xa3\x1d\xfa\
dT\xd4\xb09\x9f|\xb1;\xe9f\x04\xf2S\x92\xa1\
\xccH/\xe9\xdb\xbbM{t\x1a;\x1e\xbe-\xdbT\
\xba\x1fu\xee~\xdfTg\xe9F\xf4I\xda\xf6\xe5\xa7\
\x88<\xfdg\xc9\xb5\xb4\x1b;zz\xc1\xcd\xc7\x17\x01\
-[\xa3\xe7\xa8\xe7`\xe7\x5c\xbb\xac\x09U\xe2Lp\
\x86\xdcr\xe3a)G\xb6\x02V\x14\x88@]\x17\xfd\
g\xdb\xf2\xbb\xd8\xb1,\x01\x85\xf9&\xa2\x9c\xfa\x004\
\xc7\x09\x10\x9b\xb6\xa8&k\xd6\xa0m\x0c\xaa\xdb\xd0f\
\xad\x06g\xc8\xb1x\x1fg\x0f1\xdc|$\xa0J\x07\
\xd6\x84\xb2^\xf2\x8a\x1eG~Q/\xec_\xb7\x05\xfb\
\x97\x99\xb2\x82j\xa3r\x98\xfb&:\x0bo[\xc5k\
\x8a@\xbf\x1f\x9e\xe0\xf1*\xeb?\x15\x06Q#@\xff\
\x16\x97\xc4\xed\x8fI\x84\xb6\xb8\x18\xb7~?\x82K\xdb\
~\x822-\xb5\xa4+\xd7f\xcd1\xf0\xdd\xf9p\xf0\
*\xaf\xec\x8b\xf9\xa6\x5cA\xe2\xa8\xb3$\xe4\xdd\xdb\xbb\
\xec[\xe4\x97yA\xa4\xb6vx\xfe\x83\xf9,\xa0\xa8\
\xba\xd3\xb0\xb5\x09U%\xbc\x01\x8a\xdb0\x0b97\xec\
\x9cD\x8c\x95\xbf>\xc8\x17\x1b\x02\xd0:\xbd3\x122\
?lP\xb0\xd6\xa4s]\xee\x1e\xe8\x0a\x8e\x02\x5ce\
\xbeAs)i\xb2\x08Uw\xee0\x1a\xa5\xc8)\xec\
\x8f\xed\xcbn\xe2\xd7e\xcb\x1f\x18\xd0t\xa1\xaf\x9d\x02\
B\xe8\xec\x07\x06\x07\x97\x06\xaf[y\x98j\x01\x1d\x9d\
\x933wsT\xdc\x82\x5c\xb5Ig,HO\xc3\xe9\
\xb5\xcb\x11}\xe2X\xb9.C\x06\x0eF\xdf\x99s\xcb\
\xfd\xae*\x1a\x5cJ\x83\xda\xb7b)N\xef\xda\xc6\xcc\
9f\xf1i\x1e\x86\xb9?m\xab\xc9\xdc[m\xa3J\
\x98\x0c\xceX\xaa\xc2\xd0\x8e\xccj\x10\xda\xd7\x0f\xe9c\
C\x00Z\xa5\x09DJ\xce\xd4:=w\x9d/\xe6\x0c\
\xd0d\xae\x04\x15W\xb2t\xa0\xa6\xcd\x80j\xa3S\xfd\
\x99\x9a\x88\xc1h\x83\x1f\x17i\xb0}\xd1\xa1:\x01\x9a\
\xc2\x8d[\xba9}\xde\xd5\xc7\xa3\x0a\xc7\x83iD\xd5\
\x02z\xef\x9d{\xf9\xc7\x13\xd2J\x8c\xb8E9Y8\
\xb3v%b\xce\xfc\x09\xa3N\x07\x83\xd6\x04t\x89\x9d\
=\x86\x7f\xb5\x04nAM\xd8\xcf\xa42\xbb\xca\xa4,\
\xaa\xce\xd2M\xa2\xaf^\xc6\xceo>g\x0e\x12\x9dV\
\x03\x83\xd6\xe4Bo\xd2\xa5\x1b\xa6-[]\x93\xf9\xaa\
\x02\xd0\xe5wh\xe2z\xf6\xf0\x932\xf3\x5c}HC\
\x00\xbaH\xdd\x12i\xb9\xa5ib\xf51\xce\xda\xf6\xc1\
\xe9s\x19\xa0\x8d\x9ah\x8b\x97R\x96\xb8g#)d\
\x8a\x9a\x9f?~^\x92\x80\x1f\xbf\xb8S'@\xd3\xc5\
\xc4B;\xbay`\xb5x\xad\xb2AL^\xde\xf7?\
^\x8f\x19_\xa0\xd5\x95 \xc1\x0c\xe8\x84\xebW\xe1\xe4\
\xd7\x08i\x11\xe1\xd0\x15\x17\xb3Ca\xb3\x81C\xd0g\
\xda;&\x80S\xbe\xa0\x9c\xa8p+\x83H\xaf\xd31\
/\xd7\xaf+\x96\xc2/4\x0c\x19\xf7b\x91\x97\x9eV\
\x7f\x80\xae\xa0C\xd3\xe7\xd1\xd9]\x0c7_I\xbd\x14\
\x02j\x08@\xe7\x15>\x81l\xe5\xd0\xdab\xb0^\xdb\
\x1b\xb5I\xd0f\xad\x85Qk9\x81\xc4\xc1Y\x04\x0f\
\x7f)D\x92jqU2\xae\xadKc\xb0\xe1\xf3\xb8\
:\x03\x9a:h\xe9\xe6\xbc\xa7\x87\xaf\xc7\xf0\xaa\x1e\xba\
\xca\x91m\xb8~'\xe2zfNhY\xbb\xb3\x19\xd0\
I\x11\xe1\xe8\xf2\xe2D\x9c\xffq\x0d\xf2SM\xdcp\
\x0e\xbe\xfe\x18\xfc\xc9Wp\xf4\xf1c\xb5P\x88\x0e\xd7\
\x12\xeb>y\xb3v-\xfa\x0a\x05\xd9Y\x08n\xdf\x11\
\xd7\x8e\x1dAVRb\xad\x01M\x8e\x80\xcc\xa4\x04\xc4\
\x5c\xbd\x82\xa4\xe8\xdb(.(\x80w\x93\xa6\x90\xf1N\
\x22\xac\x1d\xca\xe9\xcb\xe4\xc4\xf0\x0e\x90\xc2\xd6\xa9f\xbb\
t\xf8\x99l$\xdd-D\xe4%\xd3\xe1\x92v\xa7\x96\
\x9d\x9d\xd1\xbc\x83\x13(\x8e\xb96\x87BU\xa1\x01W\
\xfe\xccD\xf8\xd9ld\xa6\xe80\xea\x0d\x7f\x84\xb4s\
dAIw\xc2\xf3p\xfeX:R\x92= \x90\x86\
\xc0\xafY\x08\x9au\xec\x02Gw\xf7Z\x81\xb5(/\
\x0f\xf4\xd5KO\x8cCJ\xb4i\x87\x95\xc8\xe5\xf0i\
\xd2\x14\x81-[\xc3#\xa01s\xb6T%\x86\xe2\x1b\
\xd0\xe6l\x01\xa77m.$\xe4\x04\xbaw\xb3\x00I\
\xf7\x94(VjY\x89\x8eFMm\x11\x14f\xcf\x5c\
\xfb\xe6\xe0+k\xfdV\x07\xe8\xec\xe4d\xa4\xdc\x8d\x86\
\xadK)\xd9#\xf5\xa5)*b\xb1->MC \
\xbb\xef\xbe\xb7\x93\x88\x0a\xc6\x865\xa92f\xbaJ@\
\xcf\xf8\xfd\x5c\x84\x91\xe3B\xcb\x0e\xb6,\xa0\xfb\xcf\x9d\
\x87\xc8\xc3\x07p\xf3\xf0>\x96]-\x92+\xd0f\xe4\
\xf3\xe82\xf6e\x96bE\xcc\xfb\x96\xe4\xd6\x85sX\
9m2\x1e\x1f\xf3\x1c|C\xc2\xb0o\xf9\xe2\xda\x01\
\x9a\xe3\x90\x91\x10\x8f\xddK\x16!\xfa\xd2\x05\xe6-s\
\xf0\xf0\x84\xc2\xc1\x01\xe9w\xa3\xa1S\x17C\x22\x07:\
\xf7uF\xaf\xa1~%\xd5\xac\xe8`\xe8\xe9/\xa9\xb2\
\xba\xd5\xc5\xe3\x19\xd8NA\xfe\xe1\xc5\xd0k9\xf0E\
@@\x88\x049\x99:\xe4\xa5\x19!\xb7\xe7C(\x06\
\xf23\x0d\xd0i\xac\x9b\xed(vc\xcf\xdaX\x9c9\
\x92\x85\xccD=(9\x96\xcc|\xe4f\x7f\xf9\xbd \
\xd8\xd8\x09\xf1\xf3\x92{\xb8s\xad\x909k8\x8eG\
\xc6}\xb6\x88\x0a\x07Gt\x1e<\x1cO\x8c~\x0e\xb6\
N\xe5\xa3\xf8*\xce\xa7\xaaP\x89\x13[7\xe3\xcc\xee\
\x1d(\xca\xcb\x85wH(\x9a\xb4\xeb\x00\x83^\x87\xc4\
\xdb\xb7p\xef\xdaUv\x80k\xd2\xb13\x86O\x7f\x07\
\xee~\xe5cZ\xca\xf6g(\xbe\x06m\xce\xcf%\x85\
Io\xfc\x95\x89\xc3\xdb\x93\x90\x9bf\x80H\x0a\xb8z\
\x09QX`DA\xb6)\x06E,\xe7\xe3\x95\xf7\x1a\
\xa3\xff\xb3~V\xdf\x93\xea\x00\xfd\xd3'\x1f\xe2\xeaQ\
\xf2FV4\x11rp\xf2\xf6\xc5\x8b\xf3>\x85\x7f\xf3\
0\xd6\xbf\x90\xcf\xe3:{\xb9_h\xe5\xee\x5c\x9a%\
Q\xe1\xceV\x01\xbd\xf3V\xec\xe1\xcb\xe9\xd9\xfd\xcc\xc5\
.\xcd\xd7\x95\x05\xf4\x80w\xe73W\xea\xae\x99\x93\xa1\
S\x99\xac\x0a^a\xad0d\xde\xe7\xf0\xf7\xf6\xb2\x18\
YG\xbb\xe8\x81\xd5\xcb\x11y\xf64\x86M{\x9b]\
\xb3{\xd1\x975\x064y\x9dn_\xbc\x80\xb5s\xdf\
\x82\xa6\xa8\x10\xcd:w\xc3\xd07\xa7\xb3\x10J\xf6f\
\x17\x17\xe1\x8f\x1d\x1bq`\xe5\x0a\x18\x0dF4\x0e\xb3\
\xc5\xf0\x89\x01p\xf1\x942[8}2\x1d\xddE\xcc\
\xed]V(I\xf6\xd8\x8e$l]\x12\x87\xac\x14\x1d\
\x5c\xbdE\x98\xb10\x94\xc5t\x90\x90c\x85v\xd2\xcd\
\xdf\xdeC\xfcm\x15s]\x9b\xc5\x92\xd9.+U\x8d\
o\xdf\x89\xc2\xcd\x8b\x05\xecZ\x0ad\x22\xb1s\x12\xc2\
\xaf\x89\x04yY:\x04\x84\xd8\xa2K_W\xd8\xd8K\
p\xf5r\x17\x9c\xdc\xb9\x9f\x1d\xba\xe9\x05%\xc7U\x87\
\x01O\xe3\xe9\xc9\xbdM\xc4<\x00\x00 \x00IDA\
To\xc2\xc9\xa3|\x1e\xa3\xf9\xbet\x98>\xb1m\x0b\
\x0e\xacZ\xca\x5c\xcb\xfd^y\x0dOMx\x1d\x82\xfb\
\xf1\x1b\x14\x85x\xf9\xb7\xc3\xd8\xf5\xed\xd7Pfe\xc1\
-\xa01&-Z\xc6\xe2<,\x89\xbe\xf0<t\xb9\
;\xa0\xccN\xc3\xfeM\xb1\xb8|\x22\x1f\xf6\xce\x22\xf4\
\x7f\xce\x1b\xad\xba\xb80\xef \x99=\xcf\xff\x96\x8e\xe5\
\xef\xdeAF\xb2\x06\x14\xa5\xf8\xe1\xba0\xb4{\xa2r\
\xcc\x09\xdd\xa3,\xa0\x03\xc2\x820\xfe\xb3\x0f\xe1\xe4\xd3\
\xae\xe4\xf6\xb4^I\xd1wp`\xf5J\xdc>\x7f\x16\
\x12\xb9\x02!]\xbb\xa3\xf3S\x83\x99\x8b\x9c\xfe\x89$\
\xa6\x8d\x91\xc0j#\x16\xddl\xeel\xd3\xbe\xbd\x97e\
FS\x8b\x80>\x9d\x90\xe9u$.~\xbbR\xa7\xeb\
V1<\xb4\x22\xa0=\x9b\x85b\xe7\xdc\x19H\xbex\
\x8e\xddT\xe6\xe0\x88\x9e\xe3&\xa0\xef\xb3/@j\x81\
o#\xe5n\x0c\x96\xbc1\x11\x8d\xc3Zb\xd4\xec\xf7\
\x10\x1f\x15Yc@\x13\x98#\xcf\x9c\xc6\xf7oO\xa5\
\x98Q4\xeb\xd2\x0dc?\xfc\x14v\x15>W4\x8e\
\x93\x1b^\xc3\x9eUg\xa0\xd7sh\xda\xda\x0eC\xc6\
\xfb\xc3\xd5\xcb\xe4\x1d\xa4\xeaVDfn>\xad\xd2g\
\xf5\xd8\xced\xfc\xf0i4\x94yF8yJ\xf0\xc9\
\xc6\xd6h\xdc\xdc\xb6\x92y\x8aT\x875\x1fG\xe3^\
T\xa9Y\xb0*;4e\xa0\xfc\xb4\xe86v\xad0\
\xd1$\x93=\x9c\x8a\x11=?\xb31\xda\xf6te\xf6\
\x5c\xa2\xa4M\xce\x9e\x06\x9d\x06\xd8\xbbl1N\xed\xdc\
\x06\x9dF\xcd@\xddg\xdc+\xe83n<\xe4\xb6\x95\
\xa3\xda([\xe5\x97\xa5\xdf\xe2\xd2\xa1\xfd\x90;:\xe2\
\xedu\x9b*\xb9\x95\x0bss\xf1\xeb\xf2\xc5,z\x8f\
\x84\x12\x8a{\x8f}\xb9\x5c\x9c\x87\x19]\xba\xfc\xc3P\
\xa6\xec\xc5\xcfK\xae\xe0\xe6\xa5B6W\xcfM\x0f@\
h\x07\x93\x1f\x80\xc0L6h\x92\xed+\xeeb\xe3W\
q,\x0c\xa0\xeb@'\xc6\xf7aI\xca\x02:\xb8\x95\
+^\xfdb\x12\x14n\x94\xefh\xb28\xd1\x9a&\xc7\
\xdc\xc1\xaaw\xa6C&\x95\xb2\x97\xb2}\xdf\x01\x16\xfb\
\xa2_\x12\xa7G[w\x97#\xad\xdc\x9d-\xc6L[\
\x04\xf4\xe1\xd8\xc45\x17S\xb3&d\xa9*\xdb\x22-\
\x01:\xe1\xdae\xec\x9d3\x1dF\xbd\xc9\xee\xdd\xe2\xf1\
'1f\xee\x87p\xa8\x004\xdayN\xed\xdc\x8e}\
\xab\x96\xa0\xf7\x8b\xaf`\xc0\xf8\x89\x08\xff\xe3D\x8d\x01\
\x9dt\xe7\x16\x96O\x9b\x8c\x82\x8ct\x96\x10;j\xce\
\xfbh\xd3\xab\x8f\xc5\x87W\xe7^\xc1\xaaw\xde@\xf4\
\xd5\x02\x88\xa4<<\xf6\xb4;\x1e\x1f\xea\xcd\x22\xe5\xa4\
r>\xf3\x16R\x1c\x07\x05\x0b\xdd\xba\x92\x87\xe5\xef\xde\
\xc2\xdd\x88\x22v\xe0\x99\xfciS<\xf9\x8c\x17\x88\xdb\
\xae\xa2\xd0N\xfb\xfd\xbc\xdb8\xb4)\xb9d\xd7\xad\xce\
\xb1\x12y!\x17o\x0d5%a8\xb9\x8b0\xf6\x9d\
\x00\x0cx\xae\xf43M\xf4\xb49\xca\xa7@\x0e\x89\x82\
\xecl\x16\xeay\xedw\xb2\x05s\xb0su\xc3\xf3\xef\
\xcfG\xf3.\xdd*ycS\xef\xc5b\xcf\xe2\xaf\x99\
c\x8a\x9cQ\xaf/Z\xc6\xa2\xee*\xbe\x85\x87\x7fX\
\x8d\x03\xdf/g\xeb\xd3\xb4sW\xbc\xbep)\xc4\x16\
\xe2\x9d\xd5\xd9\x07pl\xe3\x1a\x9c\xd8\x1d\xcb\x92u}\
\x9aH1\xed\xf3\x96\xa6\x17\x91\xcfc\x80v\xf12E\
\xca\xfd\xbc$\x06\x9b\x17\xc635*\xa4\xa3\x1d\x16\xed\
\xa9\x9c\x88@\xed\xca\x02\xbaIk;\xbc\xb9p\x08d\
./B\xa3\xf7b\x01X\xf7n\x84c\xe3\xc7\x1f@\
\xaeP`\xe4;\xef\xa2q\xcb\xaaS\xd4\xc8\x84\xe7(\
\x11\x1f\x19\x1d\x1aTs@\xcf;}eM\xa1V7\
\xc1R\xe2\xab%@\xb3\x81O\x7f\x0d\xe9\x11\xe4.\x05\
\x0bg\x1c2uf\xa57\x8d\xa2\xb0\x16\xbf\xfe\x0a#\
b\x1d;\xef3x\x077\xa91\xa0\xe9e\xf8\xf1\xa3\
\xb9\xb8\xfa\xdb\x116\x11^M\x9a\xe2\xad5\x1bK\xe2\
}+\x02\xcf\xa0\xd7\xe0\xec\xd6\xb7\xb1\xf5\xdb\xe3\xecO\
dn\x1a:\xde\x1f\x8dCMg\x0a\xb9\x8d\x80\xfd\x8e\
\x22\xd0~^\x12\x8b\x9d+L\x87\xd2\xc0\x16r\xcc\x5c\
\x14\x86\xc0P\xebq\xbe\xb5\xb5r\x94\x054\xdd\xf3\xd5\
y\xc1\xe8\xd2\xd7t\xe8#\x12\xc4\xd4\x9c\xd7\xee3{\
R\xa2\xad\x01Q\x7f\x9d\xc1\xa6\x8f?\x802;\x8b\xb5\
\xe9>b\x14\x06\xbf1\xadR\x08\x00\x85\x0bP\xe6\xca\
\xb1\x9f\xd6C\xab*\xc6\x13\xcf\x8d\xc3\xd0\xa93JB\
F\xcds\xf2\xe7\xae\xed,X\xa88?\x0f\xde\xcd\x9a\
\xe3\xed\xb5\x1bY\x8aZE\x89\xbb\xfa\x03\xb6,X\x83\
\xe4X\x93\xffb\xc8\x04\x1ft\x1f\xe0\xc5\xfe\x9f\xbe$\
\x1e~\x12\xc6\x15B\x5c K\xe7F!\xe2\x5c\x01;\
\x14>;\xdd\x0f\xcf\xcf\x08\xb6\xb8\xb1T\x04\xf4[\xdf\
u\x84\xc2}\x04r\x0b:\xe3\xf6\xa5K\xd8\xfd\xddB\
\xc8\xe4\x0a\x0c\x9b\xfe6\x02\xc2L/Ou\x22\x11\xf0\
#[\xb89O\xea\xe4\xe5v\xaab\xdbJ;\xf4\x9e\
\x9b\xf7\x1e\xbf\x96\x95\xb30O\xa3\xb5\xf8\x0d\xb1\x06\xe8\
\xe8S'q\xf0\xe3\xf7\xe8\x1b\xc2\x82\x89\xba\x8f\x18\xcd\
\xf4\xbf\xb2q\x18\xb7/\x9c\xc3\xaa\x99S\xd0a\xc0 \
\x8c\x9e\xfd>\xfb\xec\xd5t\x87&+\xc6\xea\x99o\xb2\
\x08.\xfa\x14\xb7|\xa27^\xfd\xea[\xeb\xcf\xce\x19\
\x91\x10q\x1c\xdfL\x9c\x0e\x83\x8e\x03_\x00\x0c\x1a\xe7\
\x87.}\xdd\x18'\x86\x19\xd4F\xce\xc8(\x0aR\xef\
\x99\xec\xe9O\xbf\xe4\xcd\xd4\x01\x07\x17\xeb\xecG\xf5\x09\
h\x95\xa6\x19\x0b\x19-\x9b\x08\x9b\x99\x98\x80\x9d\x8b\xbe\
D\xc4\x9f\xa6\xc2\xa0.\xbe~xs\xd9j\xb8X\x08\
\xccO\x8e\x89\xc6_\xbf\xeea\xf1\xd3\x9eA\xc1\x186\
eF%\x0f\xeb\x99\xbd\xbb\x99\xdaQ\x98\x9dm\x1d\xd0\
\x9c\x01\x87\xd6|\x86c\x9bv@]d: \xccZ\
\xd2\x02\xae\xde&\xe0\x93-\x9f\x9cSt\x06 \xb5k\
\xd3\xc2\xbb\xc8\xcf\xd61k\xcd\x0bo5.I\x86\xa8\
\xb8 \x15\x01=ki(l\xddz\xe0\xf41g\xec\
]\xb9\x89\x1d\x82\x9f\x999\x1b\x01-ZU\x87\xe3\x92\
\xbf\x93)\xd8S!_; \xc8\xb7|j\xbb%\xc7\
\xca\xf2\xcb\x91\x1f\xa5\x15\xa9\xe6\x15h-\xd7\x1d\xb1\x06\
hM\xa1\x12;\xde\x9a\x82\xec\xbb&#\xba\xab\x7f#\
\x8c\x9a\xf5\x1e\x0b(7\xcb\xf7\xb3\xa6#\xfe\xfa5<\
\xf7\xc1'%\xac<5\x054\xed2\xfb\x97\x7f\x07\xf2\
0\xd2\xa1\xa7\xff\xc4I\x18\xf8\xcakUNBfb\
\x1c\x16\xbf6\x16y\xe9\xa6\xb8\x84\xae\x03\xdc\xd0g\xa4\
w\x09\xad\x17\x9d\x0f\x12\xee(\xb1\xfc\xfd\x9b%\x87\xbc\
\xd7?n\x82A\xe3|J@o\xe9\x06\xf5\x05hR\
1\xb2\x0aF\xb0\x90\xd1\xb2t\xb5E\xf9\xf98\xf2\xc3\
j\xfc\xbei\x03\xbb=\x8f\xc7\xc7{\xdb\x7f\x81g\xe3\
@\x8b\xcf[\x90\x93\xcdL\xa0\x8en\xeeP\xd8\xd9\x97\
S9h\xc7\xffc\xe76\x1c\xfc~y\x95;\xb4^\
\x93\x8b\x9f?\xfb\x18\xe7\x0e\x1c-\xb9\xc7\x17\xdb:\x94\
\xd8\xed)\x18\x89\xbe.\xf4e+.\xd4#6\xb2\x00\
\x94\x0f\xe9\x17dS\x02zK\x83+\x0b\xe8\xa0\x16\xb6\
\x98\xf0~ bo\x8bphK:\x92cR0b\
\xc6l\xf4\x189\xaa\x5c<wu\xc8\xa6\x0dS\xc4\xe3\
\xaf\x9d\xd8\xa6Y\xf5\x80~\xfb\xc4\xf9\x8f\x0cFn\x9e\
\xd1J\xb2\xa05@\xb3O\xe5\x91\x83\xf8}\xd1\x02\xd3\
\x22\x08\x04\x188q2z=?\x16R\xb9\x02do\
\xfct\xccP\xb8\x07\x04b\xfa\xaau\xecw$5\x05\
4\x114\xfe\xb9u3\xfb\xb4R\x8c\xc7\xb0\x19\xb3@\
4\x06U\x09%\xc9\xae\x98>\x09\xe9\xb1\xa6\x92\x13a\
\x9d\xec1h\x9c?\x9c\xddM\xa9E\xa4?_=\x95\
\x85\xadK\xee\x95tC\xbc\x1bt\xaa\xafJ\xea\x0b\xd0\
\xc4)\x97]0\x14Z}y\x9b3\xcd%\x1d\x0c\xb7\
\x7f\xf5Y\xe9\xb8\xd6\xfc\x88\xa06\xed\xac\x86\xd2\xe6g\
e\x81\xce\x18\x940L\x87\xc5\xbc\x8ctf\x05\x22s\
Xnz*\xcbd!\x1d\xda\x9a\xca\x91\x9br\x0d\xdb\
\xbe\xfc\x127N\x9b\xd4F\x12\xe2&1\x8b\xad\xa3\x10\
D^)\xae\x85S\x85\xae-\x0bhz\x19<\xfcd\
 \x16\xa9\xdc,-\x0b\xe6k\xd6\xad\x07^\xfe\xf8s\
\xd88\x94\xa7\xf5\xad\x0e\xd4\xb6bQ\x92\x97B6\xb7\
wc\xdfMe\xdb\x96S9\xf6\xdc\xbc;\xe2nA\
\xd1\x8aDe\x91e\x1b\x0c\x00k\x80\xa6N\xf3\x92\x93\
\xb0\x7f\xfe\x5cd\xc7\x9a\xa8\x15|\x9a5\xc7\x0b\x1f~\
\x02\xdf\xa6\xcd@\x80<\xb9\xe9G\x0c\x99\xf6\x16z=\
\xfbB\xc9\x18j\x0a\xe8\x1d\xdf~\x853t\xfaW\xab\
k\x0e\xe8\x94d\xac\x98>\x99eL\x90\x84\xb4\xb3\xc3\
\xe0\x97\xfd\xe1\xe2i\xfa\x8c\x9a(\xb52\xb1}\xb9\xc9\
\x93E\xf2\xe6\x17!\x18\xf8\x82w\x955\xbe\xeb\x03\xd0\
\xad\xbb\xfb \xa7p84\x86N%'\xfe\xb2\x0bC\
a\xb5\x94\xd8j\x96q\x9f~\xc9\xce$\x15\xe3\xcf)\
\xbd\xe9\xd4\xee\xed\xb8~\xf28\x8ars\xa1U\xab\xe1\
\xe0\xe9\x89\x80\xd0\x96\xcc\xe2\xe1\xe8\xe1\x89\xf8\xa8\x08\xfc\
\xf5\xebn\x14\xe7Y\xd7\xa13c\x8fc\xdb\xd7\x0bq\
\xf3B\xe9\x5c\x98\x01M qt\x17\xb38\x8e\xea\x82\
\x92*\x02\xb1,\xa0)\xfc\xa0\xeb\x00gD\x9c\xcfg\
\xf6w\x12\xfa\xda\xb6x\xbc\x17&~Q\xbbHC\xca\
\x10\x97\x09\x85\xf3\xc6\xb6(\x9f\xa6U\x0e\xd0\x9f\x9d\xbe\
:\xa1\xc8\xa0_S\x15\xafsU\x806\xa8\xd5\x88\xdc\
\xbb\x13'\xd6\x98\xa2\xabH\xd7}q\xfe\x02\x84u\xef\
\xc9\xf8\x22\xc8\x12\xfb\xf1\xdeC\x90\xd3g\xf1\xbe\xd4\x14\
\xd0G~\x5c\x87\xdf~X\x03r$\xd4x\x87\xae\x00\
\xe8V]\x1d\xf0\xd4X?8\xba\x95\xee\xd0\x15\x01=\
fJc\xf4\x19\xe3\x05W/\xb1U\x07L]\x00\xed\
\xee+e\x14\xb6!]\x9e\x02\x14\xc3\x00~\xe5Xo\
\xb2\x1f\x9f\xda\xb1\x0d\xdb\xbf6}\xedH\xde\xfaa\x13\
\x0b\xa7-\x9b\xec\x10s\xed\x0a\xf6|\xb7\x10\x89Q\x11\
&\xe7\x92\x977\x9e\x991\x0b\xcd\xbbte\xfe\x01\xd2\
Oi\x0d\xfe\xda\xf7K\xb5:tF\xf4.l\xff\xfa\
;\xdc\xbc\x9c]rO3\xa0\x89\xf5\x94\xccu\xce\x9e\
\xb5g\xbb*\xa7C\xb7\xb2\xc3[\x8b\x9b3\x0f\xee\xca\
\x0f\xee\xe0\xfco\xa6C/\x8d\xb3\xc7\x98\xe71\xea\xad\
9\x15\xdf\x87*\x7f\xe6\xf3\xf9\xf3&\xb5\x09)\x97w\
X\x02\xe8\x13'8\xe1A\xe3\x85IZ\xce\xb8\xa4\xaa\
^\xaa\x024\x99T\x94\xd1\xb7\xb0\xfd\xa39\xc8\xbf\x1f\
\x9b\x11\xd4\xae\x03\x82\xdbw\xc2o\xebW\xa3\xcb\xb0g\
0f\xd6{\xe5\xba\xaf)\xa0/\x1c>\x80]\x0b\xbf\
@aN\x0e;L>\xfe\xfc8\x0c\x9f:\xb3\xca\x07\
&\x8e\xe8\x05cF0\x9a\x03\x92\xbec\x82\xd0\xf3i\
\x17H\xa4\xa5^\x91\xf4D\x15\x16\xce\xb8Q\x920C\
\xe6\xba\xc7\x87x2RD\x22<\xa7E\x14Ky\x0c\
H\xe6\xdd\xa9\xb6\x80\x8e8\x9f\x8b\xb7\x87\x99\xccv\x94\
\xed1\xe4\xf5\xdeh\xdb\x7f\x0axb\xcb\x1e\xb6\x8a:\
\xb4@,\xc6\xbb[v1\xf7\xb5YHg&S\xdc\
\xe9]\xdb\xd9\xaf\xe4\x8eNxs\xe9*\xf85k^\
\xc9lwb\xfb\x16\xec_\xb1\x04j\xa5\xd2\xa2\xca\xc1\
\xe9\xb2P\x90\xf43\xb6\x7f\xbb\x1d\x94jf\x96\xe9\xdf\
\x842:4\xca\xf0!\xdb}UA\xfd\xd6\x16\xc2\xd2\
\xa1\xd0'P\x81\xc8KF,\x7f7\x02\xf7\x223Y\
\xb4%\xb9\xe5\xfb\xbd\xf2*\x88F\xa1\xba,(\xf3\xbd\
\xdc\x142\xb8K%\x13{6\xf2^k\xfe]\x09\xa0\
\x7f\xbb\x97\xd0/\xa1@u\xf8z\xa6\xe5\xc0n\xf3\x05\
U\x01\x9a\xe26l4\xc58\xb1~5\xfe\xdc\xfes\
\xc93R\x8c\xb3^\xa3\xc6{[\x7f\x81\x9b\x7fy/\
UM\x01Me(\x96M\x99\x88\xb4\xd8\xbbl\xd7i\
\xd2\xb9+\xde\xfcn\xa5U\x1ec\x9a\xa4;\x17\xcfa\
\xc9\xa4\x09\xa6\x05wp\xc4\x98Y\xd3\xd0\xa2]\x01\x0c\
\xc5WJ\xe2\xa5s\xd2\xd5X\xf7\xf9-d$\x9a\xa2\
\xfdZtq\xc0\xa0\x17\xfd\xe0t\x7f\x17'\x10\x93\x13\
\xc6\xceY\x04\x99\x9c\x0f\x81\x88\x8f\x9d\xab\xeeb\xe7\xca\
D\x14U\x0c\xf0\xe7\x00\xf2\xe0\x92\xde\xca\xa8\xe6\x8c\x1c\
\xb4\x1a\x0e\x17\x8fg\xe2\xcb7\x22L\x80\xf6r\xc1\xf0\
\xe9o\xa0\xf5\x93\xa3\xac\xbe\x8c\xc4\x8a\xb4\xab\x8c\x95\x83\
>\xc9\xcf\xce\xfd\x08\xf6e\xec\xfaq\x91\x11\xf8\xf1\x83\
9\xc8\x887\xe9\xff\x8f\x8dy\x01\x83^\x9b\x5c\xee\xeb\
G\xbf'\x17\xf8\x81U\xcbqd\xfd\x1a\xd6\xae\xb2\x0e\
\xcd\xc1\xa0\x8a\x82.g\x0b\xf6m\xf8\x0b\xa7\xf7g0\
\x97?\xdb\x00F{\xa0\xefh?\xd8;\x8a\xe0\x1d,\
\xb5X\x8f\x85\x8eZ\xaa\x22=\xdb\x00,\x895@\x1b\
\x8cr\x1c\xdd\x1b\x88-_\xeeAfb<\xb3\xb9\xdb\
:93\xf3]\x9b'\xfbZ\xb4\x93W\xec\x9f\xd4\x0e\
!\x9f?q|\xab\xa6\x95\x01\xbd\xf4rD\xbf\x02\x8d\
\xeep\x86\x85B\xf2e;2\x03:\xfe\xdae<\xf5\
\xfe'\xf0j^\xca\xde\xc9\x98ol\xe4\xb8q\xe2\x18\
\xb6.\x98\xcf,\x12f!\x00\x12\x81bE\xa9)\xa0\
\xe9\xba\xed\x0b\xbf\xc0\xe9\xed?\xb3\xcf+\x99\xb0\xde\x5c\
\xb1\x06.\xde\x959&\xa8\xad^\xa7\xc5\xee\xc5\x0b\x19\
\xd3?eOSZ\xfe\xd3\x93\xa7\xc2\xd5\xdb\x05\xfa\xfc\
\xc3\xd0\x17\x9efY-\x1a\x95\x01\xa7\x0e\xa4\xe2\xe8\xb6\
\x14f\xe9\x90\xda\xf00\xfa\x8d@4o\xe7X\x89<\
\x9c2\xb4)\xb6\xfa\xe8\xce\x04\x1c\xd9\x9c\x82b\xa5i\
\xa7\xdf\x19\xf58\xfb/\x81\x98(\x0f\x08\x10\xe4\x98\xd0\
\x14\x1b\xa1\xd3\x19\x19!\xe3\xca\x0fn\x99\x00\xed\xed\xc3\
\xf86Z?a9\xb1\x96^D\x8auY7\xf7-\
\xa8\xf2\xf3\x19\x97\xf3\x88\x99\xb3\xd1\xbe\xffS\x10\x95I\
\xff\xbfy\xee,VL}\x9d\xd9\xadI\x06\xbf9\x03\
\x8f\x8f~\x0e\x12Y\xf9R\xceD\xbe\xb3{\xf1\xd7\xb8\
u\xee\xacE@S5]}\xc1a\xe8\xf2\xf6\xe2\xf6\
\xb5\x5c\xec]\x97\x80\xcc\x14\x93\x09\x93\x02\xb9\xde^\xd4\
\x02M\xdb\xd8\xc3\xc1\xd52`\xef\xddT\xe2\xd2\x89,\
\xc6-B\xbc\xd8\x15\xc5\x1a\xa0\xa9]j\xce$\x1c\xdb\
q\x939\x87\x8a\xf3\xf3M\xf3\xe3\xe5\x8d\xa7\xdf\x98\x8e\
6O\xf6\xa9dO\xb7\xf4\xc28\xc9\xa4\xdf\x06;\xc8\
\x16\xb4\xf7\xf2b\xfaK\xc9\x0eM\x19\xdd\xe0\xb8\xc3\xfa\
j\xa8\x90\xf2\xd3Rqf\xcdr\xdc\xfd\xeb4\x9e\x9e\
\xff\x05\x1a\x11\xf7\xda\xfdo1%5\xfa\xdb)\x18\x05\
\xd7/K\x171'\x08\xbb\x09\x8f\x8f\xd7\x17/c\x04\
\x8a\x15\x85\xe8\xab\xc8\xe8O\xa7r\x12\xff\x96\xad1k\
\xfdfKcg6\xe8\xf5\xef\xcf\xc6\xbd\xf0\xab\x8c\x5c\
\xe5\x89g_D\xffW^-\xb7\xd0\xe6\x0b\x89\xbbc\
\xe9\x94\xd7\x90\x97\x96\x0a\xcf\xa0&\x186\xed-\x84v\
\xed\xce\xfe\xccq:\x18\x0a\xff\x82^\xf9\x07\x0c\x9ax\
$\xc6\xe4c\xf7\xda8$\xc7\x98\xdc\xd9\xcd;\xd8\xe3\
\xa9\x17\xfc\x989\xaa\xe2!('C\x8d\xa3\xdb\x13q\
\xfdl^IpRY\xf3\x96\xa5\x81\xc7\xde,\xc4\xca\
\xf7\xa3\xd8\x9f\x14\xf6\xf6\xe8\xf5\xc2K\xe8\xf5\xdc\x8b\x16\
w!r>\x1dZ\xf7=\x8e\xff\xb4\x01B\xb1\x04\xed\
\x07\x0c\xc4\xa0\xd7\xa6T*\xbb\x11s\xe52V\xbf3\
\x8d\x05$\x91Tt\xbe\xd0\x8bA\xc4\xef'\xb7m\xc1\
\xc9\xad\x9bM\x89\xaa\x1c\x07G/o|\xb0\xfd\x97\xfb\
\xc0\xe7`\xd4\xc4C\x9b\xbd\x91\xf1nhU\x06\xfc\xba\
!\x1e\x97\xff\xccf/%9M\x1e\x1b\xea\xc6h\x81\
\x89\xb3\xaf\xa2\xc4F\x15\xe0\xfb\x8fn\xb3\x9d{\xce\x8a\
\x96\xb0\xbf\xcf\x05X\xb6\xdd\xa6Ew\xb0\xe9\x9b\x04\xf6\
+\xf2\x14\x92\x1d\x9aT\x0e\x92\xb4\xdc\x09(R\x87a\
\xdf\xaa\xe58\xf9\xf3&\xa8\x0b\x95\x0cK~!a\x18\
\xf4\xfa\x14PNiuYKD\x8f\xe1,\x11\xf5\xef\
\xea\xe7\xc5\xc0\xc6\x00}$&\xc6-\xaeP\xcfj\xa3\
XD\x12\xc71\xfdK]X\x80\xa4kWqy\xdb\
O\xc8KND\xf3\x81C\xd0r\xd0P\xc8\xec\xeda\
\xe7\xee\x09\x85\x88\x98E\xe5l\xd7\xf8s\xe7V\xa6\xe3\
\xd1\x9bG\xa6\xba\xb7\xd6m,q\xb2PA\x9f\xc2\xbc\
<\xe4ge\xe2\xf7\xcd?\x22\xfc\xc41\xe85\xa6]\
\x81T\x83\x17>\xf8\x98\x85=R\xa0\x8a\x8dC\xf9C\
S\xcc\xd5\xcb\xecs\x9c\x10\x15\x097\xffFxz\xf2\
4\x06T\x0a\x954KFB\x1c\xcb\x86\xb9z\xec(\
sJ\xf4{y\x02\xda\xf7\x1bX\x12\xe4bngT\
GC_t\x1e\xea\xfcp\xdc8{\x0b\xbfmOA\
f\xb2\x9a\x81\xb8e\x17'\xb4y\xcc\x11^\xfe6,\
\x00\x87l\xafYij\xdc8\x9f\x8d[W\xf2\xa1\xcc\
\xa5\xf4|SO\x83\xc7\xfb\xa0\xe3\x13\xee\x90\xc8+\xef\
P<\x81#\xe2b]\xb0lf\xe9K\xea\x11\x10\x88\
\xfe\xaf\xbc\x86\x96\x8f=Qn\xdc\xf4\xe59\xf3\xcb.\
\x1cX\xb5\x0cT\x07&\xb8}\x07<\xf5\xead4\x0a\
mQI\xb5\xa2Mc\xf7\xb7_\xb3\xb9#\xa1\x9d\x9f\
j\xc9\x04\xb51\xf9\xc3\xd2\xee\xc5\x22\xea\xcc)\xc4\xdf\
\x8c\x84D\xa6@fB\x1c\x038\xa9kS\x96\xafE\
\xb3\x8e\x9dXV\x0f}\xadt\x05\x07Jx\xff\x88\xc6\
\xec\xc0\xc6xD\x13q\x8e\xd1\x146;\xf0\x05/t\
\xea\xe3\x02\xbf`\x1b\xf6\x15\xca\xcf\xd60\xa6\xd5\xdf\xb6\
\xa5\xa20_\x87\x97\xe7\x06\xa3M\x8f\xf2\xe1\x9f4\x86\
\xec45\xbe\x9e\x16\x81k\xa7L_j\xef\x00\x19&\
\xce\x0bB\x87'\xdc\x98};3\x7f$\x94\xaaN,\
\xda\xf0\xe0\xba\xd58\xfa\xc3j\x16\xdbA\xe7\x15\xbf\xe6\
a\xec%%\x83\x02\xa9\x22\xd62\xffmD\x22H\xf9\
\xbc\xfe\xa3\xc3\x82K\x01\xbd!2:\xb4P\xad\x8d\x88\
\xce\xb5\x9c\xb2E\xd9$\xa7\x7f\xf8\x1e\xb9\xf1\xb1\xa0\x1d\
:/)\x81\xbd\xedB\x99\x0c\xae\x81M\xd8n\xd9n\
\xd4\xf3\x08\xeb\xd8\x89ex\x93\xa4\xde\xbb\x8b\x1d_-\
\x00y\x07\x07\xbf9\x93\xf1\xd0\xd1a\x8e\x16-\xfa\xd2\
E\xfc\xb1}\x0b\x0a\xf3s\x99NL\x11xf\xa1\x81\
\xbb\xf8\xfa\xc3\xcd\xcf\x8fy\x8fz<3\xa6\x12\xa8\xa3\
\xaf\x5c\xc2\xc9\xad\x9bp\xf3\xfc_ppuG\xd3\x8e\
\x9dY\x1c4\xf5\x9f\x1ew\x0fI\xb7\xa2p\xe7\xe2\x05\
4\xe9\xd4\x19=G\x8cf\x7f\x97Xp\xf5\xd2=9\
\x83\x12F\xf5\x1d\x14f\xfe\x85\xc8\xb3gqro4\
Rb\x8b\xd9b\xbazK\x18\xbf\x1d\x05\xe9\x90j\xa2\
\xd5\xea\x99\x1dUY\xa0\xc7\x9d+\x14Eg\xd25\xa9\
|E\xb3V\x0e,o1\xb4\xa3\x03\x02B\xc8\xb9!\
\x85@\x16\x06\x81\xa2\x03\xee\xdd\xd2`\xf1\xab\xaf\xb3\xb6\
\x8c\xfaA(\x82\x93\x87\x07\x0b\xe9\xa4\xd8\x05b2\xa2\
`$\x22g\xb9\xfe\xc7qh\x8b\x8b\xd0\xa6w\x7fF\
\xed\xe5\xdb4\xc4\xe2.E\x9b\x02\xa9\x1d\xfbW-E\
\xd2m\x93:\xc3\x92\x8b}M\x07MbI\xd2\xa95\
\xe81r4\x82\xdbu`N\x9a\x1b\x7f\x9c`\x9b\x8d\
_h\x0b\xb4\xed\xdb\x0f\xad\xba\x06\xc0V\xf4k\xa5\x84\
\xe2\xc4\x18%\x8e\xefNA\xd4\xc5|\x06`\xb2J\xf8\
5\x913\xba2\xfa\xb9\xa8@\x87\xd4\xc4\x22\xb4\xeb\xe1\
\x8c^\xcfx\x22\xac\x02Q\xe5\xedky8} \x13\
I1\xc5\xb8x\x22\xabD'\xa7\xc351J\xf95\
\xb1E\xd7\xfe\xae\xf0m\xfd&\xb4\xc6\x8e\xcclI\x07\
\xe1\xfd\xab\x96\xe1\xd4\xce\xad%<\x1edr\xf4\x0b\x09\
\x85\x83\x87\x07\x86\xbd9\xb3\xd2\x86\xc4\xe6\x93\xb6d\x8e\
\xeb?\xa9]X)\xa0g\x1f\xbf\x10\xca\xf1\x10\xa1\xb9\
\xaf\x8fU\xdc\xa5\x0d:\x1d\xcem^\x8f\x82\xd4\xd2\xc4\
\xd8\x8amZ\x0e\x1a\x82\xd6\x1d;\xc1Qjr\x19\x13\
p\xcf\xee\xdd\x0d2-\x0d\x9c\xf0\xba)\x0e\x97\xc7c\
\x83%F\x1d\xfa\x14V'>M\x9a\xa1\xcb\xa0!\xb0\
q\xacXK\x8fc\xea\x07E\xea\x11I!9\x0d\xe8\
s\xa5)VAjk\x0b\xef\xc0 \xb4\xe8\xd6\x93e\
\xc3\x10\x8f[\xb5\xa7f\xce\x00\xce\x90\x07Ma\x1c\xd2\
b\xce#\xf2\xcc1\x84\x9f\x8d\x832W\x07e\x8e\x11\
\x0en\x02\xf8\x06\xda \xb4\x83\x13\x8b\xf1\xb8p2\x9d\
\x95\x8c\xa0\xe0%r\xa9\xb3\xe4Q\x7f\x1b\xc8\x15\x02\xb4\
\xea\xee\x87\xe0\xb6\x9d P\xb4\x83@\x1a\x04\x9e\xc0\x19\
1\xe1\xd7\xf0\xed+\xa6\x8f\x9f\xbd\x9b;:\x0d\x1a\x02\
\x81@\xc0\x08\xc8\xf3\xd2\xd2`$\xb6\x22\x99\x9c\xe9\x8c\
\xfe!\xcd\x11\xd6\xb5\x07\xcb\x90\xa6\x00\xac\xaa\x8a\xf7\x10\
C\x12}\xb1\xfe\xfa\xf5\x17\x06nUA\x01$66\
,\x96\xa6Y\xc7\xceh\xd6\xa1\x13\x02Z\xb6b\x91z\
\xa4K\x9f\xd8\xb6\x19\xb4\x19\xe4$%\xc2\xbbyS\x8c\
x\xa5\x11|\xfc-\x1b\x01T\x85:\xe4\xe7\xa8q\xed\
L6\xa2.\xe5!']\xc7,A\x8en\x94\xe8\xe0\
\x846=]\xd1\xba\x9bc\x09\xa1{\xd9\xb5\xbc\x13\x9e\
\x8f\x13{R\x19\xf5\x995\xe9\xdc\xc7\x15~\xed>\x80\
\x81\x7f\xff\x0c\xc6q\x8c\x1a\xf8\xc2\xc1}\x8c\xf3\xbb\xac\
\xd0ax\xf0\xa4\xa9V\xd5\x8ff\xce\x0e\x97\x1d\xc5\xf2\
\x11m\xbd\x1c\xe3\x99\xca1\xe3\xf8\xe9P\xa3Q`:\
\x86[\x12R9\x0a\x0bK\xcc_\x96\x9aH\x15\x0ax\
\xd8\xd9\xc1AZ\xaak\xd1g\x93\xf2\x05\xc9\x1d[\x16\
T\x94\x82E\xf6\xe4\xea\x84\x16\x98\xd4\x0e\xb2SZ\x12\
ziH\xe7$g\x02\xedX\xb4\xfb\x90\xceE^H\
\xaa\x0fR\x96\x0a\xab\xba{\xb1\xbfsD\xd1U\x0cu\
Q&\x94\x99\x91\xd0\x15PzY4\x04\x02\x0d\xb3I\
\x13\xd7\x9dP\xc8g;\x14\xa9 \x14\x0aJBg\x04\
\xa9]\x08\x84\xf2\x10\xc8\x1c[A,w\x05\x8f\xaf\x00\
x\xa6\x83\x14\xbd\xd4f@\xd3av\xd8\xf4w\x18\xe0\
h\x0e(\xc0\x883\x1a\xc0\xe7\x0bLcW( \xb3\
\xb1\xad\xfe%\xbc\xff@l\x0e\x0a\xf2Q\xacT\xb2\xf5\
1\xf7C\x87I\x9a\x07\xf3\xbc\x93NM\x87t\xa2\xe2\
\xd5k50\x16l\x87\x8d<\x1ae\x08JK\xa6\x88\
\xd4\x81F!r\xe6\x15,*\xd0\xb3g%\x9d\x9a\xbe\
G\x14\xa4D\xcc\xa9\xc4\xdbg\x8d\xca\x80\xc2q\xd5E\
\x06\x18\xaa\xa8\x87Mj\x5c\xaez\x0aT\xda\xd2\x8a\x08\
4F\x22\x8b\xd4j\xcaGy\x12\xcd\x99\x9c\x0a\xacZ\
\xf1\xeax\xdb(H\xed\x08\xeb\x1f\xec\x1f\xc9\xbb\x95\x99\
i\x9b\xae\xd2\xa7\xec\xbe\x13W\xa7\x1a\xc0&2\xf3\x87\
\x5c|\xbeF(}\xc0F\x1cY\x0f\x88\x0f\xce\xc02\
8\x8c\xda\x0cp\xba\xb4R\x8e7\xbe\x18<\x917x\
\x02\x1b\xf0\xc5> \xaa]P\x8c/\xe5(UH\x0b\
\xae\x08\xe8\xe13g\xa3\xd5cO<\xe0\xc0\xea~\x99\
^y\x0a\xda\xec\x1f\xd9\xf3U\x14F\xf3\x15$c\x09\
\xc5\xb5\xf5\x0a\xd6fdTz95g\x22TZS\
bF]\x84b\xa4yF~\xd8K\xad\x83#y\x07\
\xa3\xa3\xed\x0a\xf5\x82\xfc3\xc9\xa5\xe41\x0f\xd29M\
\x84\xaf\x8d\x1c\x12+\x1c\x1c\x0f\xd2\xe7\xbf\xe5\x9a\x7f\x0c\
\xa09#\xf4E\x97\xa0\xcd^[\x89|\xd1\xf4\xa5\x01\
\xcb\x8ew\xf2\xa0\x8c\x9e\x9a'\xc2>\xc8:Q\xfc\x0a\
q\xf9it\xd6\xd3\xb7j\xd3/g@\xd8\x94\x8e\xa1\
\x91<\xaa/\xa8Fq~rai\x06Fm:2\
\xb7\xfd\x0f\xd0\xd6g\xed\x1f\x01h\xce\x00}\xd1e\xe8\
r7\x9bhq+\x08\x01\xd8\xc9]\xcc\xc8x\xaab\
Ez\x10lX\xbaF\xa5\x09FV\xc1\xc8J\x81Y\
\x0f\xda\xbf\x9bB>\xf4\x99\xa6\x8d\xf6\xf1\xde<x\xce\
N*\xe5\xe5kkX\xc5\xca\xda\x0d\x09\xd0~\xb6\xf2\
\x07*\xa4\xf9\xa0\x0f\xf1\xa8\x5c\x17q\xf6\x14V\xbei\
\xb2r8\xb8{\xb04\xa8N\x03\x9f~\x88\xc3\xe7@\
\x04\x8c\xba\x9c\x9fa\xd4R\xf0Q\xf9\x84T\x023\xe5\
\x0e\xba\xfa\x88\x99\x89\xf2aH\x01\xf1\xdf)\x9f\x82\xc1\
X?\x84\xe9!\xce\x0e\x90\xeb\xa4\xf6\xbc+i\x19o\
\xfe\x18q\xb7\xca\xf8\x8d\x9a< \x01:\xd0\xde\xa6\xd6\
L\xa15\xe9\xfbQl\xc3(\x16\x92\x13\x99I\x92B\
A\xcf\xef\xfb\x85=\x06\xc5e\xb4x\xec\x09<6\xf2\
Y\xe6,\xa1\x18\xe6\xea\x9c\x07u}~\xa3.\x03\xba\
\xdc\x9d\xf7\x19\x91*\xd3\xc3\xd1!\xcf\xb3\x91\x84\xa5\xa4\
=\x1c\xe1#\xbb`0\xf2\x8b\xbb\x97\x8b\x03\xaf\xcb\xbd\
\xcdta\xbc\xeb\x19\xd9\xdc\xba\xeb\xa6\xa0\xfc\xba\x08\x01\
:\xc8\xc1\xb6.]\xfc\xab\xae%\x9e\x8c\xfd\xdf/g\
\x8c\xf8\x897#A\xa6O\xb3\x88er\xe6\xbao\xd2\
\xa1#\xf3\x18:{\x9a\xd2\x9c\x1aD8=\xf4\xca\x13\
\xd0\xe5\xfd\xca\xcaIT\x14\x8a\xa4#{;\x05a5\
\xe4!\xb0\xec}\x0d\x06;d\x16\x8c\x04\xb1E\xd5\x97\
\x10\x0f\x0cO\xca\xb3\xe7\x1d\x8fO\xe1\xf6F\xd7\xbd\xd4\
\xf2\x7f\x80.\xbf4d\x8e\xbbs\xf1<\xf3\xceY\x13\
\x1b''\x04\xb6nk\xca2i \xa12\xd0\xba\xdc\
m\xf7\xe9q+\xdf\x84ve\xdf`\xd9CS5h\
\x04*m0Kl\xa0l\xf7\xfa\x12\xc2\x9fN+\xb2\
\xe7\xed\x8f\x89\xe7~\x8b3\xa5\xd8\xd7E\xfe\x03t]\
f\xaf\xe1\xae50\xab\xc6FSY\x89\x0aB\xe6}\
'71<\x1a\xd5>p\xffAGL\xb4\xc1D\xb3\
\x9bS\xd8\x17d\xba\xabO1\xe8\xc4\xf6\xbcUW\xa3\
\xb8\x9b\xd9\xa6H\xa7\xba\xc8\x7f\x80\xae\xcb\xec5\xcc\xb5\
T\xd7\x5c_\xf0\x1bt\xb9\xbb-\x92\x97\x935\xc3\xd3\
_f5\x92\xae!F\xa5783\xfd\xb9P]5\
]\xc1\x83\xdc\xbbw#\xef\x9b\xbc%\x97\x22\xb8\xbby\
\xd5{\xed\xaa\xbb\xc1\x7f\x80\xaen\x86\x1e\xfe\xdf)N\
\x85tg\xbd\xb2<\xf5\xb1y$\xe4\xba\xf7o*\x87\
\xb4\x16l\xa2u}\x0a\x02rf\xfe(\x18\x8d\xa6\x88\
\xbb\xfa\x94v\x1e.\xe0\xcd9y\x81S\xe9+{\x8c\
j{\xa3\x9a\x00\xda\x5c`\xdd\xdc7\xcb\x02\xb1\xe2\xd6\
\xae\xed\xfdk\xda^\xa3*f)IQg\xcf@\xa7\
\xd7\x95P\xf7\x92\xae{\xeb\xc2\x058{z\xb08\x8a\
\xea\x88\x0dkz?K\xed(/2\xf2\xdc\x19\xe6\x9a\
\xa6\xe8\xb8\xb2\x052\xeb\xd2/\xc5\xc9\x94\xe5\xda\xe6\xf4\
\x99\xd0\xe6\x90\xfeL|\xcf&)\xeb0yP@\xab\
\x8a\x0c8\xb63\x11\xc4\x03H\xc4;\x0b\xb6T.\xdf\
l\xe99\x0cF\x05r\x0b\xfb!\xbf\xa8r\x18q]\
\x9e\xdb|m[w\x17\xf0\xa6\x1d\xfb\xab6\x15\xda\xac\
\xde\xb7&\x80\x8e\x0d\x0fGVj\x12;\xf1\x8b\xc4\x12\
x4\x0a`iE\x0dm\xb6*;h\x02\x13\x95\x1a\
[1u\x12|\xc3Z\x94\x00\xfa\xd2\x91C\xac\xf0d\
\x97\xc1\xc3\x18\xf5Vm\xeb\xbaX\x9b\x18\x13O\x1d\x8f\
\xc5X\x98\x85\x02\x84\x88o\x8e\xccv\xc3\xa7\xbd\x05\xd7\
\xfb\x11ru]\xd4[\xe7\xcf\x81\x92f)\x8e\x85\xa4\
8/\x19\xd0\xfc\x05\x11?\x11\x1a5\xc5\xba\xf2\xd0\xac\
\xadCI1\xd0\x07\x05\xb4FeDld>\xe6\x8c\
\xbe\x86\xd0N\xf2\x1a\x02\x9a\x07\x95\xa6\x092\xf3\xc7@\
g\xa8\x9a\x80\xf2A\xe7\xa1\x99\xb3C\xfd\x02:\xd0\xc1\
\x06\xbc*8\xd4o\x9c\xfe\x03\xc7\xb7\xfc\x84\xbbW.\
\xb1<\xc3~/\xbd\x82\x80\x16-K+\x96>\xe8\x93\
<\xc0u_\xbd\xfc<\x0b{5\x93\xabg\xa7\xa6 \
\xe2\xcc)\xf86i\xca\xe2\x8f\xab\x8d\xd0\xab\xe1=)\
\x1a\x8e\x80K\x99\x18f)*\xc8\xc7\x8dS\x7f0\xeb\
F\xd3\x0e\x9dj\x94nT\x93\xdb-\x183\x9c\xed\xd0\
=F\x8e\x81FmbUr\xf3P\xa3C/\x17\xdc\
\x09/@\xd4\xc5<\xbc\xf9y(\xdc}M!\xbe\x14\
\x16K\x94h6\x0e\x0ff\x7f\x1e\xde\xf4$\x9a\xb5\x93\
\xd5\x08\xd0D\xa4C\x96\x8dB\xb5e\x0e\xbc\x9a<_\
um\xa8\xb8k\xbd\xee\xd0~\xb6\x0aP\x15PkB\
\xce\x06\xaax\xb5k\xe1\x97,\x18\x9d\x00]\x95P\x14\
\x1d\xc5\x09S\xbc\xb0\xb5\xc89\x8a\xb2\xd3i4\x8c\xda\
\xaab\x1b\xba\x9e\xfeQ\xa4VE\x80~7\xe5Uv\
\xeb\xb2\xd5\x02\xa8-E\xf6\xd5\xf6\x8bAQl\x94?\
X1\xcc\x95^\x92\xad\x9f\x7f\x82\xc7\x9f}\x1e\xa1]\
L\xd92f\xa1\x88CR\x11\x84d?e\x01M&\
\xa19\xa2(E\xaa\xb5]6\xe5\xca\xfcwM1\xf1\
\x92\x98\xae!\xd3 =\xb3\x99\xa7\xee\xd3\x91C0`\
\xe2$\xb4\xeb\xdb\x1fY\xf73\xde\xfd\x03\x94\x189)\
\x00i\x09\x85\xd8\xb64\x16c\xa6\x06\x96\x00\x9a\xe5K\
:\x0a\x19\xa8\xcb\x16\x00-;N\xe2\xae+R\xeaX\
\x85\xdc\x8am\xac\x01\xbaH\xa9g\xf1\xf2\x14\x9dhR\
q\xf8P\xaa\xda#+\x7f\x04\x8c\x5c\xc3\xd5\x10\xafw\
@W\x17\x9cTS@\xd3BQ\xd9\xdf\xfc\x8c\x0c\xc6\
\xdb@\x8b\xdf\xb8E+x\x05\x06\x95\x00\x93\x16\xf6\xd6\
\xc5sP)\x0bYqG\x0a9$\xd0\x10\xfd\xaaA\
\xa7\xc5\x85C\x07\xd8b\xd3\xcb@\x80\xf3\x0aj\xc2\xc8\
\xc4\xcd\xc0.\x0b\xe8\xc2\xbc\x5c\xc6jJtZd\x17\
\xa6\xfa\xdaD\xe1J\x85\xe0\xc5\x0a9<\xfc\x03\xa0\xcc\
\xc9Az\x5c,\xa46\xb6\xec\xef\x9e\x01\x8dQTP\
\x80\xab\xc7\x8f\xc2\xd6\xc9\x85%\xa3\xd2\x98\x1a\x85\x86\xc1\
+0\x98\xa5\xa1Q\xf6\xc9\xa9\x1d?\xa3\xc3SC\xe0\
\x17\xd2\x9cq\xb7\xd9;\xbb\xe0\xce\xe5\x8b\xcc\xe1\xe2\xd7\
4\x84\xf5e\xe6\x99#\xe2o\x22-\x97H\xe5\x8cs\
\x8f\xb8\xa1\x03[\xb6ay\x85iq\xf7\x18\x051e\
\xd3\x07\xb4j\xcd@\x9f\x9d\x92\xc2\x92\x8fC\xbb\xf5d\
q\xcf\xc77\xff\x88\xf6\xfd\x9e\x82\x93\xa7g\x09\xa0\x1b\
\x05\xf20\xf2\x8d`h\x8b2p\xf9\x8f,Vg\xdc\
\xd6A\xc4\xca:\xe7ei`\xe7(d\xf4^\x8d\x9b\
\xdb!\xa8\x85}I\xedF\xca\x8d\x0c?\x93\x85\x9cL\
\x0d\xf3\x94S,tp\x0b;\x04\x84\xd8\x95\x84\xcdV\
\x044Q\x08Sp\xbf\xbaH\x0f\x83\x81c\xd7\xf4\x18\
\xe4\x09\xa1\xd4\x07\xe9y\xe3\xa0\xd55\xa0\x03\x09`\xc9\
%\xf5\xb6C\xd3\xdb\xee\xa3\x90Cf\x81B\xb7\xec\xee\
S\xdd\x0e\xcd\x18Jwm\xc7\x9dK\x17\xd0\xf9\xe9\xa1\
\x8cQ\x87\x80\x9b\x1a\x13\xcdR\xdc=\x03\x83\x18\x03\xd0\
\xf1m\x9b\x91x\xeb&\xba\x0e\x19\xce\x02\xe3\x8fo\xde\
\x08\xaf\xe0&\xe8\xfd\xfc\x8b\x88\xbd\x1e\x8e\x9f\x17\xccg\
\x84\x90\xb6\x8eN\xb8x\xf8\x00K\x02xj\xe2\xa4\x12\
*\x80\xb2\x80V)\x95\xb8ph?\x03D\xeb^\xbd\
\xd1\xf7\xe5\x89\xcc\x85\xff\xd1\xe0\x01x\xee\x83y\xb0q\
t\xc2\x85\x03\xfbp\xf3\xaf\xd3\xe82d8:=5\
\x18\xce^^8\xb6\xf9'\xdc8u\x92Q3\xd0W\
\xe2\xdc\xfe_\x98\xae<`\xc2\xeb,I7\xe2\xf4\x9f\
\xd8\xbf\xe2;t\x1b1\x0a\x8d\xc2L/\xa4\x8d\xbd\x03\
n\x9e?\xcb\x08\x16\x03[\xb5a\xf7\x22\xd5\xe3^\xc4\
u\x1c\x5c\xbd\x02-\x1f\xeb\x05\xef\xe0\xa6\xc8\xcf\xca@\
\xd4\xd9\xd3\xf0o\x1e\xca@Jj\xca\xe9\xdd\xdbq\xec\
\xc7\x1f\xd0\xe2\x89'\xd1\xaew\x7f\x16G}\xe5\xd8Q\
\xf6\xb7\xd1\xef\xbc\x0b\x17\x1f\x1f\x88\xa9\xe0<\x8fW\x02\
\xe8\xc6!\xbe\x185\xa5\x05\xf4E\xe7\x18\xc8h\xc7<\
\xf7[*.\xff\x99\x85\xee\xfd=\xe1\xea%Ezr\
!\x92b\x0b\xf1\xd4X\x7f\x16\xbcOq\xdeD\x97\x1b\
}=\x1f\xfdF\xfbBn+\xc4\x8ds\xd9\x88\xbfc\
j\x13\xd2\xd6\x81\xb5)\x0bh*\x1d}xs\x12c\
D\xea6\xc0\x8d}\xb1V}t\x1b\xa3\xde\x08Bp\
\xd7\xb9(\xd2\x94&SW\xa7:<\xe8\xdf)\xa7\xb5\
\xfe\x00M\xfc\xc1r\x19\xec$\xd6\xcb\x1e\xd4d\x87\xa6\
\xd2\x14\xcb\xa7NB\xfb\xfe\x03\x190H\x05 \xf2\xc2\
\x0d\x1f\xcc\x81o\xf3P<3\xfd\x1dd\xc4\xc7c\xf5\
\xec\xe9,\xe7\xac\xf7\xf3\xe3L\x14\xb4_|\x0c\x8f\xc0\
`\xf4\x19\xfb2\xd2\x13\xe2\xb0\xe4\xf5W0k\xe3V\
\xc6\x1et\xf5\xf8o\xf8m\xe3\x06\x0c|\xf5u\x96\x0d\
BRQ\xe5\xa0\xec\x17\xcaU$\x9d\x9e@F\xc5\xe1\
\xb7\x7f\xf39f|\xbf\x1eD\xa1\xb0\xfe\x839\xb0u\
p\xc0\xe8\xd9\xef\xb1L\x12\x92\xdf\xb7l\xc4\xa9\xdd;\
\xf1\xeeO[\xd9\x81\xeb\x8f\x1d[q\xed\xc4ox\xe6\
\xad9l7\xa6,\x91\xefgNa\xb4\xbfa\xddz\
\x96\xac\x13\x1d\xdc\xf6.\xfd\x96\xd5_4\x03z\xe9\x9b\
\xaf!'5\x05s\x7f\xda\xcevlR\xa5\x0e\xaf_\
\x83k'~\xc7\xd8\x0f?f,\xf6\xf4\x92/{\xe3\
U\xf4\x19?\x11\x03\xc6\xbf\x0a\x81P\x80\xf3\x07\xf7\xb3\
\x1c\xc4\xe7\xdf\x9f\x87f\x9dJy\x04\xcd*G`\x8b\
\x16\x18=\xbd?ty\xbbY\xaaUF\xb2\x0ak?\
\xb9\xc5\xe8\x1a\x9ez\xa1\x11\x84\x94^V\xac\xc3\x81M\
\x09\xac\xba\xd5\xd8w\x82\x90\x91\xa4\xc2\xa7\xaf^\xc7\xf0\
\x89\xbexf\x92\x89\x0b$\xee\x96\x12\x1b\xbe\x88\x86w\
c\x05FM\x09\x80\xbd\x93\xb8\x1c\xa0\xd3\x12\x8a\xb1\xf6\
\xd3;pp\x96b\xdc\xec@\xe6F_<+\x0a\xbd\
\xc7N\x85k \xd5\x8ey8AO\xf5\x0ah\xaaz\
U6c\xa5\xe2\x9bV\x13@\x9f\xdc\xfe3\x0e\xad^\
\x8e\xa1\xd3\xdfa\xe9Wf\xbdr\xf9\xd4\xd7\x91\x1aw\
\x0f\x1f\xed\xf8\x15\xc7\xb7n\xc2\xd9]\xdb\xf1\xcaW\xdf\
\xb2\x03\x1c\xed\xea\x94p+\x96\xcaXV5\xdd\x87\x12\
eu\x1a-\xd4\xc5E\x0c\x14\xb7.\x9e\xc7\xd0)\xd3\
X\xfdCK\x80&\x15\x80\xea\xbe\x90\xca@ \xa3\x9d\
\x8e\xf3\xf9v=\x00\x00 \x00IDATT\x11{\
WW\x5c;~\x0c\xbf.\xff\x0e\x03&NF\xc7\x01\
O\x95\x04`\xd1\xceND\x89\x14\x80D\xf7\xf9c\xfb\
\xcf\xc8MK\xc1\xf0\x19\xb3\xd0\xb4}G\xab\x80\xa6\xb1\
\x12\xb1\xb9\xad\xa3#\xbb\x97ZY\x88\xcf\x9f\x1b\x81\xc0\
\xf6\x1d1iai\x9c\xd8\xe9=;\xb1o\xe5\x12\x8c\
\x9c9\x07mz\xf7e\xbb\xf8\xd2I\xaf\x94\xe3\xf5#\
\xca\x03J\x96\x1d6u&B\xbat+\x99\xf2R@\
\xb7\xc2s\xef\xceb\x91v\xb4K\x9f?\x96\x82_\xd6\
&\xb2\xc4\xd6&\xadL\x09\xc8\x94\x8dslG2\xae\
\xff\x95\x89\xb7\xbfk\xc1v\xe3\xf5\x0b\xee\xe1\xd3\xcd\xad\
\xd1\xaa\x9b\x89\xec\x9c\xd2\xa96|\x11\x83[Ws\xf1\
\xd6\xb7aL=)\xbbCSV\xcb\xee\xd5\xf1\xd8\xbb\
.\x11\xee~\x12\x84u\xb4GH\xd7\xc1\xf0\x0a\x1d\x0f\
\xbe\xa0\xfem\xce\xd6v\xf1z\x05\xb4S\x15uU\xcc\
\xc0\xacN\xe5\xf8e\xd9b\x9c\xffu\x0fF\xcd\xf9\x00\
mz\x95rW,\x9b\xf2*\xeeEE\xe2\xb3\xfdG\
qh\xddj\x5c>|\x00\xe3?\xff\xc6\x22A6\xa9\
\x1c\x1b>z\x97\xf1Ow\xec\xff\x143e]<r\
\x10\xfd_\x9ePc@\x9b\xe3+\xe8\xa0\xf8\xed\xeb\xe3\
!\x12\x080\xe1\xab\xc5\xe5\xaa\xda2\xc0-[\x8c\x96\
O\xf6ec\xa5,\xeb\xe8+\x17k\x0dh*m\xb7\
x\xe28\xb4\x1b0\x08/\xbc?\xafd\xad\xcc4\xb8\
\xcf\xce~\x1f-\x9fx\x92\xa9R\x15\x01}\xfb\xd2\x05\
\xec\xfe\xf6+\x0c\x9d2\xc3*\xa0\x9f\xff\xe0c\x185\
\xb1\xd0fm\xc0\x9f{\xcf\xb3\xb2\xce\x13?l\xca\xf4\
f\xb3\xfc\xb6=\x19\x11\x1721{YKV\x14\xe9\
\xe0O\xe9\xf8jg[\xa6s\x93\x14\xe4\xea\x18\xa0\xa3\
.e\xe3\xed\xc5-*\x01\x9a\xda\x90}\xfa\xc6\xb9\x1c\
\x1c\xd8\x14\xcf\xb8\xa3\xf5:\x11^\xf8\xe8s\xb4\xed\xdd\
\xefA\xb5\x88Z_W\xaf\x80\xa6\x88'*\x85lM\
\xaa\xda\xa1i\xf1Ho\xf5l\x14\x88\xef\xdf\x9a\xc2\x88\
S\xba\x0e\x1e\xc6\xba\xa2\x03\x10}\xba\x89.\xe1\xe5O\
\xbed\x96\x92\xbdK\x16a\xe0ko\xe0\x891\xcf\xb1\
\xcf=\x99\xabH\xb7&R\x99\xd9\xbd{@jg\x87\
\x8f\xf7\x1cd\xbf\xa7\xc4\xcbC\xeb\xd70\x9b\xafy\x87\
^<y\x02s\xea\x98\xad\x1c\x15wh3\xa0iw\
\xdf4\xff}\x0cxu2\x9e|n,\x22N\xff\xc1\
\x92q\xdd\xfc\x1aa\xed\xec\xe9\xac\xc6\xcb\xb3s?\x00\
9l\x88\xff\xe2\xca\xb1#\x95\x00=r\xf6\xfbh\xd1\
\xbdT\xe50\xef\xd0t>\xe87~\x22\x84B!>\
\x18\xd4\x17^M\x9ba\xfa\x8a\xb5\xa6db\x8ec\x89\
\xc4\xbfo\xf9\x09\xe3\xe6}\x8a\xe0\xb6\xedYnb\x8d\
\x01\x9d\x9c\x84\xe5\xd3&!\xa8U\x1b\x10\xa0I\xf4\x05\
\xc7q\xed\xd8zl\xfa\xe6\x1a\x86N\xf0E\xc7^&\
\xd6\xd3\xfc\x1c-\x0enJ\x84\xc1\xa0\xc7\x1b\x9f\x850\
\xaa\xdcE3oa\xee\x8a\xe6\xe8\xd2\xdf\x83\xb5!\x95\
\xe2\x87\x05\xd1\xcc\xd21~n0\xe3,)\xbbC\xe7\
fhpdk\x02\xdc|m\xd1\xbe\xdf3\x88\xbe\x1d\
\x86\xef\xe7|\xc2\x0e\xe1\xef\xac\xfb\xa9\xd6\xc0|\xd0\x0b\
\xea\x0d\xd04\x00\x85P@u\x99\xad\x8e\x85>\xe1\x94\
\xa1|h\xed*\xf4\x1c\xf5,z=7\x96\x81\x98\x0e\
T\xabg\xcd@\xcf\x11\xa3\xd0\xbe\xdf\x00\xac\x981\x85\
e*\x8f\x99\xfd>3\xa1\xd1\xe9\xfe\x8fm\x9b\xf1\xd4\
\xc4\xc9h\xd6\xa93\x8b`\xfbf\xfcX8\xb8\xb9\xe1\
\xb9\xf7>b\xf4Wy\x19\x99\x8cN\xb6\xd5\xe3\xbd\xb0\
\xe0\xd9\xe1p\xf0\xf4\xc2\xc4\xcf\xbfaI\xa1T_$\
\xfc\x8f\xe3\x8c\x05\x9f\x18\x8b\x88\x92w\xc1\xf3#\x193\
\xe7\xa4\x85K!\x91\xcbp\xf7\xdaU\xa6V\x905\x82\
\xea\x9a\xd0a\x92\x92X\x97Ly\x15F\xad\x16\x93\x97\
\xacb\x1c\x1a\xc7\x7f\xde\x04\x17\xa2\x0b\xf0\xf3\xc7\x8f\x1f\
\xceeu^\x86L\x9e\x86\xec\xb4\x14\x1c\x5c\xbd\x129\
\xa9\xc9\x18\xf2\xe6\x0cfq\xc9H\x8c\xc7\xaa\xe9S\xd0\
s\xf4\xb3\xe8\xd0\xdf\xa4\xaa\xd0sQ\x05/\xe2,!\
K\x0a\xf1sPf:\x01\xf7\xf8\xa6\x0d\x98\xb2|5\
\x1c\xdd<\x90\x9fI\x9c%\x1b \xb3\xb5C\x9f\x17\xc7\
\xb3\xe4\xd9\xa8sg\xb0n\xf6L\x0cx\xed\x0d\xf4\x1a\
\xf3<\xe3T\xbez\xfc\x18\x0e|\xbf\x8c\x11\xb3\xb4\xec\
\xf9\x04\xd3\xbf\xe9\xe5\x8a\x8b\xb8\x81%\xaf\x8fG\xbb~\
\x03\x18O7YJ\xa8}q\xc6!,\x7f\xe7\x1b\xf0\
\xb8<<?\xbd)+\xd1\x11\x13\x99\x8f\xd3\x07\xd2\xd0\
\xb6\x87\x1b\x06<\xe7\x0d;g!\xe6\x8c\xbe\x0c\x9f@\
1^\x9f\xdf\x1cb\x89\x00WOga\xff\xc6\x04V\
\xf1\xaaK?7\xa8\x0a\xf5x\xa9\xcb\x194\x0e\x95b\
\xde\xfa\xf6HORc\xcd\xc7\xb7\xd1\xbc\xdb\xd3\xe88\
h\x02\x0cF)v,\xfa\x0a2\x1b\x05F\xce\x9c\xfd\
\xa0\xf8\xac\xf5u\xf5\x0ah\xb2A\xfb\xdb\x91s\xc5\xb2\
\x5c:z\x08D\xbaHL\xf2\xe4h\xf0k\x1e\xca\x5c\
\xccd\x81H\xbe\x15\xc5v6\xd2aI\xff\xa3\xeaN\
vN\xce\xcc)A\xbbg\xa3\xe6\xa1\xcc\x02@6W\
\xb2\xdf\xd2\xe7\xf7\xe0\x9a\x95P89\xc2\xa3Qcf\
\xe9\xa0\xdd\x97\x0e\x81t\xed\xe5#\x07\xe1\x1f\xd6\x92\xd5\
\xb8\xa3k\xb2\x12\x13Xq\xa1v}\x07\x22.\xf2\x06\
\xfe\xfae'\xf8\x02\x11\xba\x0c\x1d\x8e&m\xdb\xe3\xd2\
o\x87\x19\x15\x80\x83\xab\x1b\xe3Vs\xf6\xf4F\xe4_\
\xa7p\xed\xd8Q8\xfb\xf8\xa2C\xff\x81\xccL\x16s\
\xe5\x12:\x0f\x1a\x82f\x9d\xba\xb0Z(T\x13\xb0\xe5\
\x13\xbdX\xd65qb\xd0\x01\xb4y\x97\xeeL\xff'\
\xc0\xee^\xb2\x90\xa5\xe5\x07\xb7i\xcfL\x8a-\xba?\
\x86\xf0?~\xc7\x8d?\xff`\xa6\xb9\xd6\x8f\xf7f\xb4\
W\xf4\xb2\x1c\xde\xb0\x96\xd13\x90\xf5#;\xd9\xe4Q\
\xed6|$\x8b\x97\xa6\x03&\xb9\xec\x895\xca=0\
\x08\xdd\x06\x0fc\xd6\x97S\xbbw >\xe2:\x9b\xcb\
\x8e\xfd\x07\xb1\x17\x92\xe6\x86\xaa_\xc5\xdd\xb8\x06\x1bG\
g\xb4|\xbc\x17{\xd1\xe9%%I\x8f\xde\x87\xc3?\
n\x83\x5c\x9a\xc2\x82\x93\x12\xef\x16\xc1\xcdK\xce\xc8b\
\xe4r\x01\x5c\xbc%\xd0\xa8\xf4\xd8\xf2]\x0c\x9a\xb4\xb2\
e\xf4\xc3\x04z\xa2r\xe86\xc0\x03z\xad\x11\x7f\xec\
K\xc5\xf1]\x19,]\xab\xffs~h\xfdXk\x1c\
\xd9\xaeG\xd2=\x11\xfc\xc3L\xc48w\xc3\xaf\xa2\xf7\
s\xe3\x98\x19\xf1a\x08Q\xd1\xd5+\xa0\x19\xb7\x9d\xad\
\x1c\xf4_K\x92\x9b\x96V)E\xbdl;\x02\x849\
\xb6\x83vmZ\x5c\xa2A  Pj\x7fY\xa1O\
\xb2JY\x80\x9c\xf44f*\xa3\x17\xa4,\x99LZ\
\x5c,\x949\xb9\xcc^L\x0e\x8f\x82\xac,\xe4\xa4\xa5\
0\xce\x0a\xd2\x8b\xe9 IB/\x02Y-\xe8\xefz\
\xbd)\x08\x9fvCz\xd1\x88\x1e\xa0ll\x04\xfd\x8d\
l\xdb\xc4\xe4#\x93\xf3`\xd4\xe7 3\xe1\x16\xf4\xda\
<x\x06xA*\xb7GN\x86\x12\xeab\x1e\xec\xdd\
\x9bB \xb2e\x07S:\x90\x92\x04\xb6j\xcd\xc6H\
6m\xb2\xb5\x9b\xee/f_\x1a\xea\x97\xeeU\x90\x95\
\xc9Hb\xe8\x1e\xf42\x9b\x9dED\xd7@\x15\xad\xa8\
\x8dy\xa7\x17\x88LE\x86\xccb\xef\xec\xccj\xce\x14\
\xe6\xe61S\x9eY\xe8\x85&\xf0\x97u\xd4\x18\xd4I\
H\x8a\xdc\x8e\xa2\xec\x088\xbbi`\xebP>\x94\x93\
Hs\x1c]D\xc8\xceP1f#Wo)\x1c]\
M\x9c+\xf4sV\xba\x9a\x95\xfa\xa0dW=\xd7\x0c\
r\x97\x9eP\xa9}\xd8\x18\xd3\x12\xe2X\x9c\x0a\x99)\
i~\x1f\x96\xb8\xca\xa5\xf5\x0bh!\xd5\x01\x94\xcbX\
\xe9\xad\x7f\xa3\xf0xz\x88\x04\x99\x90\x88\x12!\x16\xa6\
@(\xcc\x85\x80W\x04\x01_\x05\x1eO\x05\x0eB\x16\
EFE\xdb\xf5\x06Gh\xf5^Pk\x03\xa0\xd5\x13\
\x7f|\xc3fQ?\xc8|s\x86B\x96\x96eT_\
\x87Q}\x0bFC\xf9\x8c\x16\x8a\xf5 \xd6U;\x07\
!\xa46\xfcrUcuzw\x14k\x9a\xa2X\xd3\
\x0cjm`\x83z\x00k\xfal\xf5\xea)\xa4\x9bR\
\x80\x12U\x90u,C6S\xd3\xc1\xfc\xb3\xdb\x19!\
\x12f\xc2F\x1a\x0e\x99\xf8\x0eD\xc2t\x08\x04\x85\xe0\
\xa1L\xf5M\x0b\x0f`0\xda2\xef\x18-<\xa5\x1b\
\xe9\x0c\xae\xff\xc0\xc74\x82\xd3g1+\x08\xa7\xbb\x07\
\x9e\xee&\x0c\x9a\xb4\x92\xaf\x15\xd9\x93\x89\x1fZf#\
\x82\xc2\xde\x19\x02i \xb4F_hu\xbePk\xfd\
\xff\x11@6O*\x03\xf4\x17\xe7\xc2\xb9\xd4:R\x18\
\x98;\xa4\x87w\x10\x8bA[\xff\xbfEx0\xc0N\
~\x16\xb6\xf2\x0blw\xe6\xf3M\xaaBm\xc4h\x94\
\xb3Os~\xf1c\x8cm\xb3l\x81\xa0\xda\xf4\xd3\xb0\
m\x89\xdc\xba\x080f\x833\x14\x81\x85\xfa\xc2\x00\x81\
\xf16\x8c\xfcF\x00_\x01\xa1H\x06\xbe\xd0\x1e\x06\xce\
\xee\x1f\xf9\x0c\x0c\xd0\xf5\x11\xe0/\xe1\xf3\xe1&\x151\
+G\xa2J\xcb\x18H\xff\x0d\xc2\xe7i\xe0\xe6\xb0\x19\
Rq4\x04\xfc\xba\xf1\x96\xd0|\x90\x1a\xa2,\xee\x84\
\xdc\xa2\xde\xffH@T^3\x0e<N\x05\x8eG\x1b\
\xd4\xc3\xf1\xf4\xd5\x057,|\xb4.\x80\x16\xf3y\xe8\
\xe0d\x8b\x1e\xee\x0e\x10\x9aR\x86o.\x8fK\xe8\xec\
\x04\x93w\xe9\x9f(=\xfd\xedv\xdf\xceQ>\x99\xad\
\xd6T`\xa7(?Z\xda\x8d\xdd\x1c6B*\xa6\x82\
\x9c\xf5\x122\xcen@A\xee\xf9E\x8f#\xaf\xb0\x17\
\xd3\xb9\xff\x93\xfa\x9b\x01\x16\xe0\xbf\xf3V,w*\xa9\
\xf64`\xa4/\x0f\xf2rB+'\x1b3\x98\xc9\x1f\
\x10i\xef\xea\x19V\x7fCl\xb8\x9e~\xbb\x9b\x90\x14\
\x9d\xa7\xf4\xb6\x04U>\xaf\x08^N\xab \x11\x9b\x88\
\xba\xeb[\x08\xd4y\x85\xbd\xef\xf3R\xd4o\xa2h}\
\x8f\xf5Q\xea\xaf\xa7\xaf\x87\x92w86\x91;\x14\x9b\
T\xebq\xb7pP\xa0\x8f\x87#\xec\xc5\xa5\xbbL}\
\x02:2#\xc3\x06\x02\x81\xbfF\xab\xcdh\xeb\xe9\x99\
Y\xeb\x01\xd6\xe0\x82m\x911\x5c\x96\xdaD\xb4n\x16\
\x01_\x09g\xbb_`#\xbd\x06\xb2j4\x94\x90%\
$G\xf94\x8b\x13\xa6\x02\x9c\xffI\xddg\x80e}\
_K\xcf\xe2\xd6\xdf\x88\xaeuo\xfd=\x9d\xd0\xd1\xc5\
\x16T\xf9\xca,\xf5\x05\xe8\x13\x19\x1966z\xe3T\
\x1e\xf8\x9f\x15\x1b\x8c\x9b4z\xed&G\x89\xf0\xb2\xb9\
\x8eF\xad\x07k\xe5\x82\xf0\xd4\xf4c\xa7S\xb2\x9e,\
\x1d\xbf\x0e\xf6\xf23p\xb09\x06\x02vC\x8bV\xef\
\x89\xec\x82\xa7\xa1\xd26\x03\xa5\xf7\xff'u\x9b\x01\x06\
\xe8\xeb\x19\xd9\x1b\xd6]\xbf3\xae\xb6]\x0d\xf1qF\
[\xa7\xf2\xce\x8e\xfa\x02\xf4\xf1\xf8\xf8P\xad\x81\x1f\xa1\
\xd4\x99vH:l\x8a\xf8\xe8\xdf'\xc0\xcfT\xb4\xa5\
\x9e\x84\x88*\x05\x22m\x89\x07B\x22J\x80\x8b\xddn\
H\xc5\xa5\x95e\xeb\xe9VV\xbb!;uv\xc10\
\xa8\x19\x0b\xe7?\xcfV\xdd\xd0\xcf__\xfd\x97\x10\xcd\
\x10Y#_\xcc\xd5\x9a\x98\xa3\xa1\x00}0:Z\xa2\
\x90\xc8\x17f\xa8\xb4o\x94}XG\x89h\x93X\x22\
\x98\xd9\xb3\x1e\xd5\x8f\xb2\x80&\xf5\xc2^~\x0a\x8e6\
G\x1e\xc84W\x97\x85!\x1buV\xc10\xe8\x1b(\
y\xb4.c{T\xae\xb5\x15\x8b\xc0'*\xb0y\xe7\
\xce\xd9\xf1\x0d\xe2\xfclUy]\xb2\xba\x07i@@\
\xdbq|I~q\x05j\x05\xda\xa5\xf9F\x8e\xb1\xb4\
W7\xb6\x9a\xfe\xbd,\xa0\x85\x82\x1c8\xdb\xee\x83\x8d\
\xecJM/\xaf\xb7v\xa4n\x14\x14wE\xb6r\xc8\
#b\xce\xab\xb7G\xaf\xb7\x8e\x1a\x11Q(\xa7\xb5\xe7\
m\x8a\x8e\xb6\xd3\x16\x1b\xf3\xc3\xab)\xb8Y\xf1\xce\x0d\
\x05\xe8\xc8\xcc\xaccQ9\xca\x12\xbd\xb6D\xbf\x05\xd0\
\xd4\xc1\xe6\x8c\xb3A\xd7\xd7\xcb\xcb\xab\xeeFa\x00e\
\x01-\x97\xdc\x86\x8b\xddN\x88\x84\x19\xf56\xc9\xb5\xe9\
\x88\x92Gs\x0b\x06\x22\xaf\xb8a8+j3\x96G\
\xb1m[\x22\x99\x91\x0a\xedy\x07\xa3\xb3\xedt\x9c2\
\xffx\x82\xf5\x82@\x96\x1e\xb0\xa1\x00}<>\x99\xcb\
V[.6\xe3*\x15C\xaa\x95\xdaw\x0ev\xb6\x5c\
\xae\xab\x96+a\x064\xa9\x1bv\xf2\xd3p\xb6\xdb[\
\xad;\xbb\x96\xb7\xa8Usb\xe5L\xcf{\x91\x91\x19\
\xfe'\xb5\x9b\x01_;\xf9\xd0\xa7\x83\x1a\xed\xe3Eg\
g\xdbek\xf4\xf9?G\xc5\xd6\xaa\x87\x86\x02\xf4\xce\
\xdb\xf7\xac\x96\xfe\xa4#\x93\x9a\xaf\xb7\x7f!8\xb8^\
\x01-\x14\xe4\xc2\xc9v?le\x97j5\x07\xf5\xdf\
\x98\xc7\xe2#\x08\xd4\xc4\x01\xf7\x9f\xd4|\x06JJR\
\xd0%T\x05\x8b3\x0a\x22j\xe3\x0fk\x08@_J\
\xcd\xc8\xbfWPT\x92\x17$\x17\x0at|\x1e\xcfX\
\xa8\xd3\x9b\xe2\x16\x01\x04\xd9\xd9\xa0\x8d\xa7k\xbd\x98\x03\
\xcc;\xb4D\x94\x047\xfb-\x10\x8b\x92k>\x83\x0d\
\xd4\x92\xe2<\x94\xaav\xcc\xf2\xd1\x90\x1c\x16\x0d4\xfc\
\xbf\xa5[{\x89\x18R\x1e\xc2\x9e\x09\x0d\x8ed\xc0X\
t\xe1Z\xa8\xd6\x80\x88\xd4\xa2\x9a\x07\xde\xd47\xa0\x13\
\xf3\xf3\x83.e\xe4^\xd5\x1b9V\x8d\x8bBQ\x15\
\x22\xd1Z\x9d\xc1\x98\xa45\x18\xe6\x99K6K\x05|\
<\x1d\xe4_o\x80\x16\x8aT\xf9\x0a\xd9U\xb8;<\
\xbc4\xa1\xeaV\x9d\xa2\xf4J=\x89\xff9]\xaa\x9b\
\xafF\xf6\xb6\x90\x89Da\xbd\xfc=M\x80>\x1c\x1d\
\x1f\x9a\xa5\xd1F\x5cLc\xf5\xbfk$\xf5\x0d\xe8;\
Y\xd9\x11\x119\xcaP\xc3}\x85C*\x10dy\xc9\
\xc5\x0bt\x06cf\xb6V\xffy\xb1\xdeP\xc2\x8e\xed\
\xaf\x90\xf5\xee\xe8\xe3\xf1{\x8d\x06ZE#\xda\xa1\xc5\
\x92\xdc|'\xdb\x03\xb0\x93\x9f\xa9kw\xf5z\xbdV\
\xe7\x8dl\xe5\xd3,\xf4\xf4Q\x08\x0c\xaa\xd7\x87\xafe\
ga.\x8e\x97]\xedd#\x9a;\xde/\xbcy%\
3\xd3\xeb^v\xe1\xba?\x93\xd2\xfa\xd7\xb4\xaf\xfa\x06\
\xf4\xd1\xb8\xe4\x88\x02\x8d6\x94\xd4\x1ez\xcbD\x02\xfe\
\x91!A\xfel<\xbfD\xc7\xaf\xd1\x1b\x8d\x13\xcc*\
\x91\x93D\x5c\xf0d#\xef:\xd3\xde\x13\xa0%\xd2\xb4\
|O\xc7u\x10\x8bj\xef\xfe\xaf\xe9\x5c=H;\x8e\
\xe3\xa3X\xd3\x02\xd9\xcaA\xd0\xb1\x04\x81\xff\xc4\xd2\x0c\
\x90\xa7\x9a\xcf\xf1\xfa\xbf\xda.\xa4\xb4425\xfc\xf0\
\xcf\xcb\xfd\xb4F\xc3\xe1\x9aR\xeb\xd6'\xa0\xa3\xd2\xb3\
\xc6\xde.(\xfcFo\xe4\xd8\xca\xb1T.\x85\xf4H\
{/w\x06\xe8\xbf\x92\xd3\xd6d\xa94\x13\xd4\x06S\
@=\x9f\x07MK'\xfb\x99\xc1.N+\xea\xb2\xcc\
K\xce\x9d\xb3\xb3Q\xa4\xe6{:}\xdf\xa0q\x1b\x0f\
:F#'a\xd4\xb3\x14\x9dG\x01M\xffI\xe5\x19\
 \x1e\x18\x05_\xd8\x7fhH@y@o\xbcv\xb3\
_\xa6Vw8\xa1\xa0\xa8F\xf3V\x9f\x80>\x9b\x98\
z8]\xad\xe9\xa7\xbf_JW\xc8\xe3\xa5\xb4p\xb6\
}%\xc8\xd9\xf90\x0d&2#\xa3GL\xbej\xa5\
\xd6h\x0c\xa5\x9fM\xb4c\xb2\xc8\xce\xde\x1eu\x8a\xec\
\xdb\x14\xbd\xc4N\xc8\xfd\xaf\xbds\x81\x8e\xaa:\x17\xff\
w^s\xe6\xfdJ2I&OBB\x08\x011<\
\xbd\x06T\x8c\x0a\xa2\xa2b\xd5\xd2jaY\xa8\xd5\xf6\
Z\xaf\x7f{o\x1f\xf7.b[ko\xef\xd5Z\xaa\
\xf2\xa7`\xd7E\xfb\xb7\xd5\xa5T\xc1?\x84\x8a\xa2W\
\xf0\x22\x84@ AB\x02!\x09\x99!\x99\xccL\xe6\
\xfd<\xe7\xdc\xb5\xcf0!!\xf383\x99\x99d\xc0\
\xbd\x16\xab\xaef\x9f}\xf6\xfe\xf6\xef\xec\xf9\xf6\xb7\xbf\
\xfd}n\x1b\xf2\xdd\x98\xaa\x05E\xed\xb4:\xef\xe47\
\x8a\xa9N\xe10U\xc7\x9cH\xbf*\xd4\x0a\xd0I\xe8\
\x15\xf3\xf5\xf9c\x81>:0\xb0\xfc\xac\xc5\xd9t\xb0\
_\xd8\xc1B*\x81~\xbf\xb3\xa7)\xc8\xb2\xcb\xc3\xea\
F\xae\x84n\xbf\xa5T?\x06\xd6Oz\xfa\x9b\x86}\
\x81\xe5a\x1d\x9b\xc2\xf1\xf6\xfb\xaa\xca&\x04\xf4\xee\xce\
o+\x03\x22\xc2FS\x13\xcf1\x93\xc8$$Z\x17\
\xdd\xdf\x1b\xb4=\x0c^?\x0a\xcb\x95\x92\xfdp\xa2]\
\x98\xb2\xf5s\xa5\xe2\xdf]\xaf\xca\xfbu\xb5^\xc9o\
\x00G\xa4\x83\xdc5\xf7\x9c3<ct{\x9f\x0b\xaf\
\x94\xb1F\x91*\xa0\x0f\xf7\x0f<w\xd1\xe3{\xc6\xc7\
0\xbcu\x03\xe9Dss\x94\xed\xd3s\xb4c`=\
g\xb64\xb5[\x1d\xcb\xc3j\x07\x85c\xbe2\x85l\
{]A\xde\xe3\xc9J{\xb7\xf9N%\xe6em\x18\
6\xf1\x0c\x06\xc9\xf6A\xd8s(Xx%\x18\xad\xdf\
\xfbz\x95\x1e%01I\x80\x84 6|kv\xd5\
\xb6\xf0\xff=\xe6s\x7f\xb3\xads\xbd\xc1\xe9\xdej\x10\
p\xc70U@\xef\xec\xea\xd9\x1a`\xd9\xf5\x97\xb4\x0d\
\x90\x90\xb8c\x91B\xa2\xd7\xe9tc\xae \x1b\x0c\x06\
\xe9a\x97\xbf9\xc0r5\xe1/q\xf4\xc6Q\x18\x18\
ck!\xa0q_ a\xc7\xacd\xde5\xf1g0\
\xb08\xee\xe4S:|]B\x12(Q\xc8\xa1D)\
\xddPW\x90\x17\x19\xe8\xd6\xc1\xa1\xb5-\x03\x96-\xc7\
\x07\xcc#\x07\x19\xd1\x84\x97\x0a\xa0\xcf\x9a\xad\x1b{\x9c\
\xee\xc6\xd1G\xdd3\xd5\x8a\xfe9\xf9\xb9\x11\x13\xd8\x1d\
3\x9a\x0e\x9ds\xb8\x16\xb1\x1c\xc7\x7f\x88\xe8rA\xb5\
Z\xbe\xadL\xa3\xd9\x90\xcc$g\x17\xd0\xa1\x11\x1a\xcd\
O\x82\xdb\x8fLy_\x17\x1c\xc7\x1b\x9f\xa8\xabyn\
\xb4$\xc6)d\xcf\x1d<\xb6\xd1\xe5\xf77\xfa.Y\
\x14\xd2\x09\xf4g}\xc6\x8dv_\xa0\xd1\xcb\x84~\xf2\
\x91\xba\xb1zFyL%q\xc7\x99n\x1b\xc3\x01\x7f\
\x9a(\xc2qP\x89\xa8m\xb7\x94\xe9\xaf\x19\xa0Q\x8c\
\x8f\xfe\xa1\x1f\x03\x9b\xe2\x1c\x7f\xd9\xf6y\xa0\xd8/j\
Z\xdcx\x7fuYl\xa0\xf7\x9c\xed\xdbxr\xc8\xd2\
\xd8\xef\x88\xed\xd06\xd1\x15\xba\xd3l.>cs\xff\
\xda\x1d\x08>\x1a\x16\xa6\x92\x22a\xd8\x17\x8ci\x0bW\
\xd0\xc4\x0eW\x80\x19\xb9VN\x13DS\x8d\x82\xfea\
U~\xfe\xd9D'%\x1bWht]\xcbd[\xc3\
_\xdd\xba\x96\x8bFL_\xa8\xd0(~v\x83>\x7f\
\xcc\x11\xef\xb8\xd5\xb0\xd3j]\xb5\xf7\xac\xe1\xb7gm\
\x8ej6\xaa\x9b\x10\xc0D\x81\xfe\xb2\xff\xe2z\xbb?\
\xb8u\xd8\x7f9\x07v2\x13$\xa7H\xc8\x95\x88\x1a\
\x17\x16\xe6\x8f\xf9R\x85\xb4\x95\x8d@\xa3}<\x8aV\
48\xfc\x1d`\xd8\xd4\x84\x8b\xa0\x1dNP\xf7\xf5\x01\
\xe5\x16\xee\xfa D\xbe\xc9\xd4\xe1p\x0c\x82\xb4\x18|\
J\x058\xf3\xf2 (\x1e\xaf\xfd\xa2Ph\x14\x86o\
\xdbP7s\xdc/s\xc4\x9f\xf7?\xb5vl=g\
s\xacw\xc4\x80m\xa2@\xbf\xdfy~=\xc3\xc1\xd6\
X\x1f\x8d\x10\x81\xa0\xab7$\x865\xde[5\xf6\xa7\
G\xc8\xb3\xd9\x094\x00r3\x1d\xb4\xad\x01\xb7o\x96\
\x90a\x8e\xab\xc3\x18\x0c\xc0X,\xc0\x0d\xdb@*\x11\
C\xc5\xb0\x1d\x8a\x0f7\x03\x02{\xb2\x0bG\xe0\x10\x90\
J\xc1\xad\xd1\x80\xb9\xb2\x02.\xcc\xab\x03\x8fF\x1d:\
|\xb8Td\x14\x09%J\xf9\xb6\x86\xf2\x22a@7\
\x9d\xeb]\xfai\xef\xc0fO0\xc8\x1fdD*\x13\
\x01\xfap\x8f\xb1\xd6\xca\x067\xdb\xfd\xc1P~\x88\x09\
\x169I\xb4h%\xe4\xd3\x8b\xf5\xfa\xcf\x13i*[\
\x81F\xfa\xb3\xdd\xb5\x14\xcc\x8eU\x89\x0c\x178\xb7\x1b\
\xbc\x07\x0f\xf2\xff\xd8\xe1a\xc0\x5c.\x98\x96\x93\x0b\xf3\
\x95Z\x109'\x0e3\xa1V\x01U^\x02\x8ce\x18\
\x02\x86\x8b\x00\x97\x02b&\xd4\xc9Q\x95\x19\x91\x08\xce\
\xd7\xdf\x00\xddK\xeb!(\x0eE\xe3BX\xcb(\xaa\
}AA\xee\x13\xb5:\xed\xb8\xf9\x8e\xba\x01{\xb9\xb9\
\xad\xa9\xdf\xe1Z\xee\x8f\xb29\x9c\x08\xd0{\xba{\x97\
\x07\x18\xae)\xbc\xf1DG\xdd\xb9b\x11\xefa'\xa4\
 Mh\xd0\xe3\x03?\x1f\xae*\xb49$\x09n\xc3\
]\x15\xe5#\xe6\x1b!\xedd+\xd0!\xb5c\xc6%\
\xb5\x837\xdf\x0b*\xae\x0f\xde\x07\xf7\xce]\xc0\x0c\x0e\
\xf2i\xadH\x1c\x87\x999:XPx9\x87\xa2\xa0\
\x86\x22T\xc2\x95r\xa0\xab+\x9b\x88\x22\xdd\xcb\xbe>\
#\x04\x8e\xb7?\x0f\x0c;?\xd9\xf6\xc2\xcf\xa1\xd5\xf9\
\xc8ck\xc1\x9d\x13\x0a\x05\x8cX\xd1+d{\xef\xae\
,\x8d\xb8\xd7\x8aJP\xeb\xa0\xb9\xe9og\xce/\xb7\
F\xb9=\x92,\xd0]\x83\xb6J;\xe3\xdfw\xd6\xee\
,\x0bw\xbaP*F_\xdd}\x18\x87u\x09\x11\x00\
\x86qr\x0f\x13<\xd4\xe7\xbc\xac\xf3\x15\xcb$\x86<\
\xa9\xe8\xa1J\xadV\xb0\xdb\x5c\xf6\x02\x0d\x80B \xa0\
\x9c\xd9\xa1\xd3\xc3\xf8%\xd8\x7f\x01l\xbf\xdf\x04\x81\xaf\
\xbe\x0a\xe5h\xe3]tS\x074Z\x99\x15\x0f\xdc\xbd\
MsG\x03\xaf\x06\xf4\xfd\xe8\xa7M\x81\xee\x9e\xe5\x9c\
/\xf2\xed\xa3\xf8=\x0e\xd5\xe00\x0c\x0e\xfe\xe8\x07\xe0\
\xd4\x85\x02]b\x18tU\xab5\xb75T\xe8{\x22\
\xb5\x11\x15ht\x90\xb1\xad\xfbb\xb3\xc5\xe3\xab\x89\xe4\
\xf8\x9f,\xd0\x9f\xf4\x18k\x19\x96i\x1b\xbd\x19\xa4\x00\
[}\xef\x8c\xb2\x0f0\x0c\x8b\x1d\xce\xf3\xd2\x088\x8e\
\xc3vw\x9e_\xe4\xe6\xe0PxP\x0a\x8a\x04\x11I\
\xac\xb8\xb5T/8\xd4A6\x03\x1dd\xd4`q\xdc\
\x0d\x0e\xcfBAl\xf8\x9a\x9b\xc1\xfe\xc7?\x02\xd2\x9f\
\xc3%\x95@\x8b\xaa*@\xf5\xd8\x9am\xcayu<\
\xd0\xfd\xff\xdc\xd8\xe4\xeb\xe8\x5c\xce]\x11\xc8GPg\
\xaf\xa8t\x00\x01\x9d\xaf\xe3\xd5\x0d\xad\x84n\xff\xe6\xac\
\xca\xa8.\x0f1\x7f\xe3\x8f\x18M\x87\xde>}nQ\
\x80a\xc7\xd5K\x06\xe8\x10\x88\x17\x16\xb9\xb9\xe0\x08\x88\
j\x11\x052\x02_qc\x02 \xa2\xf1\x1e\xe81\xd6\
\xfa\x81m\x1b}(\x93\xe8\x87\x91\xcd@\xa3\xdb,\xc3\
\xcee`u\x0a\xf3\xf8\xf5\x1d9\x02\xf6\xad[\x93\x03\
\x1aE\xc6\xe73\x04G\xc7\x85\xaa\x9c\x06\xea\xb5\x0fo\
S\xd4\xcd\x0d\x01\xfd\xb3_4\xf9\xcf\x9c\x8b\x0d4\xc7\
\x01\xc7\xa0\xac\xb3\xb11\x0f\x03M\xe28wSI\xe1\
\xe1\x9a\x5c\xf5\x0d\xd1\x9e\x88\xab\xb4\xfe\xf2`\x8bm\xc8\
\xe3\xbb\x9c.\xe9RK\xc9\x00\x8d\xee/\xba\x03\xac\xed\
\x8c\xed\xf2\x06$\x19U\x01u!\x92\xea2M!\x05\
\x09F\xce\xae-\xcc\x11\x14\xea \x9b\x81F2px\
\x16\x81i\xf8\x9b\xc0A\xfc\xa8K\xc9\x02\x8d\xd1\x22\x1f\
5\xad\xb4K\x5c[\x03\x18\x1d=\x0e\x1f\xa1\xd5\x80\xf8\
\xfa9\xefIJ\x8a6\xa2\xbe\x0d\xef\xf9h\x0bc\x19\
\xae\xe7bl\x0c\x19\x9b\x1d\xbc\xc7OV\x06\x0d\x03t\
X\x0d\x8a\x04j\x18h\x9dTl\x7f\xb0fzL?\
\xf8\xb8@\xef\xed\xee\xdb\xb1\xf7\x5c\xff\xfda/7\xf4\
B\x02\xdc\xb0\xaaX\x07\xd7kC\x09(\xc3%^\xe4\
$\xa4\xc6X\x08\xea\xef\x9dvW=\xc3r\xc0;\x97\
`\xd8\x86\x86\x8a\x92\x846s\xe1\xf7}\x846\x97,\
4\xa1\x18\x1e\xc8|W\xae\x90\x1eU\x8b\xa9\x07*4\
\x9a\x88\xfa\xd5\x95\xc2\xcav\xa0\xdd\xbeZ0\xd9\xbe!\
(@MR@\xe38P\x15\xe5\xed\xa5\xaf\xfevB\
^\x8d\xb1\xd6\xdf\xe1\xbd\xfb\xb6\x987m{\x0c\x82\xc1\
\xa8w\xcd\x10\xd0\x9e\xc2|\xb8\xb9\xa4\xf0o5\xb9\x9a\
\xd5\xb1\xda\x8b\x0b4z\xf8\xe5#'\xb9\xeeK\xab*\
\x096P\x04\x8f\xc0\xf2\x92:\xa8\xc9\x1b\xbb\x89\x8d\x07\
4j\xeb\xef\xbd\xbdz`\x89\xe7\x1c\x81\x00\xe8\xa5b\
\xc8\xa7DoTD0\xbf\x08\xd1\xb5:\xcd\xe6Z\x9b\
\x8fy\xba\xd7\xe5\x06)A\x80\x88`_\xbe\xb5Lx\
 \x9a\xec\x07z&\x0c\xd9\x1f\x10t\xa3%)\xa0\x09\
\x02\xc4u\xb3\xdb\x8b\x9e\xff\xb7\xb4\x01m~w\xe7\x03\
\xb6\xd7\xff\xfc&\xc7\xb2Q\xf3\x01\x22\xa0\xb5U\x15p\
OU\xfc\xbb\xa4\x82\x80\xfe\xa0\xb3\xe7\xd7\xff\xddg\xf8\
)\xc6\x0c\x812\xf8\x19\x88}-ps\xc5:\xa8.\
\xb8=\xa1\x15Z\x08\xa4\x99\xac\x93\xed@{\xfd\xe50\
d_\x0d\xbe\xc0\x88\xc1(\xaa\xf8\x92\x02\x1a\xc3\x00\x93\
\xcbL\x94V\xfd*\xae\x0e%\xe0DE\x5c7\x1bD\
*\xc9k\x8a\x95+M\x9d\xbbw\xd3Z\xab\xeb'\xde\
\xd6S\x11\xdf\xed\xf6\x0c\xfd\xa6\xea\x0f\x7f\xe0\xc3r\xf5\
\xfd\xa4\xb1\x12g\xb1o\x8f\xf9U'\xb0'=\xad\xed\
:\xb8\xe4\xcf\x13\xa9\x91\xff\xf9\xa7\x1f\xc2\xcc\xebf\xbf\
\xb0@\x9f\xfb\xb3x|\x08\x02zwg\xa7\xd2\xe53\
\xd9:\xce\xbf\x01t\xa0\x1d\x80\xf5\xc1MU?\xfc\x1a\
\xe8x\xd2M\xf3\xdf}\x81\x12\x18\xb2\xdf\x07^\x7fe\
\xdc7%\x054j\x15\xc7\x00\x97J\x01\x13]\xd6\x9f\
E3+\x01S\xc8f\x17>\xf3\xc3v\xf3\xee\xddJ\
p\xfal\x8e\xbf\xed\x1e\xd7\x07\x5c\xab\x01\x1f.UU\
\xfd\xa1\xd1\xeeji\xd1\xbbOt\xbc\xee\xda\xfb\xc9\x98\
],\xd2\xa3c\xc1\x8c\x1a\xed\xf9\xb7\x7f\x01o\xbeZ\
\xb5R@<\x16A@wv\x1eRZ\xb8^\xdb\x7f\
\xb7\xbd\x0c\xc0\x85\x22\x82~\x0dt\x5c\x86\xd2^!#\
@G\x18\x05&\x91\x00C\xe0\xb3\xab\xde\xdb\xde\xce\xed\
\xdfO\x0e\x9c8\xf3\x98{\xdfg[8\xffX\x9b\xb3\
\xec\x8e[\x80\xa2\xd4\xaa\x9c\xa7\x1e\xb1\x9b\xdfz\xb76\
`0\xb6\xb9>\xfa,a\xb9\xb8\x1ey\xe8q\xf3#\
\x0f\xfei\x99\x80\x80\xdd\x82\x80\xe6\xb8F|\xd7\x97\x81\
{z\x06\x8f\xbc\xef\x0d\x0c_5@\x1f2oR\x8a\
\xfcN\x9b\x07.\x80\x83;\x93\xb0\xa0'\xfb\x81\x89\x02\
\x8d&\xbfD\xa9\x86[\xcb\xa7'<\x14\xe5\xb7\xbf\xd1\
\xc5\x95\xe4\xd7\xe9\x96-s\x1a\x7f\xf3J-k3\xb7\
y[N\x8eiG<g\xd6}z9\xbe\x0bkl\
d{6\xfcS-\xe7\xf7\xb51\x17\x85]\xf1\x1b\xdd\
\x10\x0b\xdc\xec\xaa\xbd\xef\x09\xb2\x5c\x09\x02\x1a5\xdei\
<\x5c;dko;\xd0\xbe9*\xd0\x00|\x9e\xb3\
\x89;\x05\xf0o\xc0P\x12\xce\xed\xaa\x5c\xddS\x09K\
\x1b\x99\x8d\x06\x8dBn\xa2`Ap)\x06\xd9\xfd\xd0\
\xcb\xbe\x9d\xcck&\xf5\x99\x89\x02\x8d:_\x84R/\
OK<\x96\x9ehV5HU\x94*\xa7\xb1\xd1\xee\
\xe8\xec\xa9\x0d\x9e9\xddf\xd9\xb4uD\x1e\xf4\xdcZ\
 \xb4\xaa\xd9\x85?y\xa6\xddt\xe0\xb4\x82\xb0\xf7\x19\
\xac\x9b\xfe(\x8fe\x9e\x8b&\xcc\xb4\x00\x8d^\xf6\x97\
O~\xd0\xe0\x0e\x0c\xee\xb28{$u%\x0f\xc1u\
\xc5\xf7\x83\x88L\x8d\x0bct20d\xce\x7fJ\x99\
\x97\xbf\x19\x8b\xf3\x93\x83\xcc\x822\x12k\xe6\x00\xf8k\
ZBJ\x10\x9c\xd0\xcb\xbc\x0d\x83\xdc\xa7B\xaaO\xa9\
:\x93\x094\x12D\xfe\xef\x9e\x07\xf9\xacj~Q\xbc\
\xf8\xe2\xef\x1b\x82}\x17w\xf9\xbe\xea\x94`\x04\x01\x9a\
\x7f\x5c\xef&k\xaa\x16(\xca\xcb\xbf\x1a\xda\xb5\xab\xc8\
\x7f\xf8\xc4\x05\xcf\xe1cI\xc9/m@\xa3\xde\xbc\xb2\
\xf3\xf6\xf5\x01\xd6\xbbU%.\x86%\x95\xdf\x87<e\
\x15ZK\x93\xeahB\x0f\xb1\xdc\xe3*\x87k;V\
U\x151\x90\xb5\xc9\xd4\xab\x17q\xa2w8\xe0\xea\x85\
\xb7\xcb\x81\x83\xeb\x84\x0e\xe6e\x08B\xfaSP\x08\xef\
\x97\xb0\x9a\x93\x0d\xb4dQ\x1d(\x1e}p\x96b\xc6\
\x8c\xafP\x8f\xcf\x7f\xef\xe9\xf5`wn\xa5\xaa*\x0c\
\xe4\xf4\xe9\x0f\xe5\xaf{\x98\xf7\xab\xb1\x1f=\xce\x99~\
\xf6+a\x83\x8aP+\xad@\xef;\xfa\xd2\x0a\xc3\xf0\
\x89WL\xb6\x8e\xe93\xf2\x1b`V\xe1J\xd0HK\
\x00\xc73\x10\x83\x8d\xe5\x1e\xc70\xe8Q\xe5\x8f\xf5\xd7\
\xb0\x0d\xf6Ur@\xfe\x01\x00\x84\x9d\x03\xf3\xbaQ\x00\
\xdc\x5c/\xf4\xb0oe\xa5\xfe\x8c\xe6=\x94\xa3\xe5^\
p\xfb\xe2\xff E\xb2rLD\xe5\x08s\xa7\xfd\xf1\
Sv\xcdm7\xf1\xa7w\xe6\xcf\xbfX\xc1tu\xbf\
\x120\x18\x7fS\xf4\xf3g\xf9\xc3\xb2\xe1\x96\x96\x06\xe7\
_?\xd8\xe7k\x15\xa4\x02G\x84>\xad@\xa37\xee\
9\xf2\xcb\x8d\xfd\x96\xe3\x8dVg\x1f\xe8U\xd7AY\
\xce\x02PJ\x22\xdekM\xf8\xab$0\x0a\xe4\xe2<\
P\x8au\x80a\x91\x8ft9\x80u\x1a]\xe1\xf6p\
\xe36\x93q#\xc7A\xe3\xd8\x97q\xe0\xe7,\xe0\x83\
!`\xc0;\xe6O,\x17\x04\x1f\x5c\x04\x13\xf7\x05\x0f\
u\xb6\x16\x14\xd4\xd1lG\x0eJQ]\x1bF\x86\x96\
.\xa0\xa9\xb2b\x8fl\xf5]\x8f\xe6\xac\xb8\xfd=\xf4\
2Wo\xef*\x1c\xc0*)-\xe5}\x95\x87\xdez\
\xd7f\xdb\xfe\xd7q\xae\x13\x89\xc8<\xed@w\x9b\x8e\
\xdc\xd2\xd6\xbd\xeb\xc5\xee\x8b\x07\xe6\xf9\x02\xa1=\xa0\x9c\
\xceO\xa4\x8fQ\xebR8\x0d*i\x11\x94j\xe6C\
Y\xee\x0d \xa6\xc6&&\xba\xf4\xa0\x0f\xc3\xe0\x85p\
\x10C\x8eco\x01\x00\xf4o\xa48\xb8\x0e\x18`?\
\x06\x0fg\x84 \x8c\x8d\x06\xc5B\x10\x02\x80\xac5\x89\
\x04\x10N\xc9\xf0R\xda\x08\x8a\xa4dq\xac\x84a\xd7\
\xb2\xb8\xed\xa6\x0bh\xa4/Ko\xbf\xd9$\xff\xc6=\
\xcf\xc8KJ\xfe<\xba#\x83\xaf\xbd\xfe\x03\xf7\x81/\
_d\xcc\x96\xb8Q\x04b\x0d \xed@\xa3\x97\xefk\
}i\xe9Y\xc3g\x9b\x1d\x9e\xc1Z\x8eKu\xa0\x16\
\x0c\xa4\x22\x0dT\xe4.\x81\xea\xfc\x06\xd0\xc8J\x01\xc3\
\x84\xa7\xe6e8\x17|\xc5\xfe\x16\x9c\x5cbA\xdc\xe3\
R1\x05+\xd8\x5cK\xc1\xe2\xb8\x0bX.\xea\xc91\
\xdf\xebt\x01\x8d\xda&\xf5\x05\xa0\xfd\xfe\xba\xbd\x8a\xc5\
\x0b\xc6\xa8|\x86\x7f\xfdU\x9b\xa7\xe5dm\xbc\x83\x93\
xb\xcd\x08\xd0\xa8\x13-]\xef6\x1d\xea\xf8\xd3r\
\x97Wx\x18\xdex\x9d\x1f\xfdw\x8a\x90@\x8e\xac\x02\
\xae+\xba\x17\x8a\xb5\xf3\x80\xc0)A\x8f;\xd8\x0eh\
g\x93\xdf\x84\x08z\xc9\x14\xa9\xe4\xf1\xcd\x00\xb3\xe3~\
\xf0\x05\xf41{\x94.\xa0q\x85\x1c\xe4w,\xeb\xa1\
\xf4\x05\x0f\xa8\xef^~tt'z\xbe\xff\xe3zR\
#\xff\xbb\xb7\xe5\xe4\x84La\x19\x03\xfa\x9c\xa1\xa5\xac\
{\xf0\xd3}\xad\xdd\xefU2\xec\xc4noG\x9b\x0d\
\xb42K(\x15T\xe7\xdf\x01s\x8a\xef\x05\x9a\x8c\x1f\
\x85\xd3\xc8\xee\x85\x1ev\xcc\xaf\xdf\x14\xc1/\xf5\xdd`\
\x18\x05\x98\xec\x0f\x01J\x0d\x17\xab\xf8Z[\xc1\xb1y\
3\x04/\x8c\x0d\x1b\x9c\xac\x1d\x9a_\x99\x8b\xf4\xa0Z\
\xfb\xb0\x13\xf38\xeaT+VD\xbcmd\xf8\xf7W\
kH\xa5\xf8\x94\xe3\xfd=I\x0f>c@\xa3\x1e\xee\
o\x7fUn4\x9d0\xf4\x9b\x8fETv\x93\x1e\xc5\
\x15\x0f\xe2\x18\x09\x05\xaa\x1a\xb8\xbd\xf6' \xc2c\xdf\
\xa3\xebg?\x84\xbe,<(IVV(D\x98\xcd\
\xb5\x0cP\xf8\xddh\x05\x81l{\xf1E\x08t\x8e\xcd\
\x1a\x9c\x0c\xd0\x98X\x0c\xb2e\xf5\xe0wz\x8a\xc5\xdf\
Xi\xcf\x9b9\x93\xb7y:\xbf\xeaX\x1b8\xdf\xb7\
)\xd0}\xfe)\xdd\x93\xebG6\xedC_|Q$\
\xa2\xc4\x17l\x7f~\x07\xfc\xa7\x05\xdd\xb2\x1b3\x8c\x8c\
\x02\x1d~\xf3k\x1f\xde\xc9\xb9|\xe6d\xe7D\xf0s\
bJ\x0e\xf7,\xdc\x08*b:`Q\x1c\xdb\xaf5\
\xa0\x91\xd7\x9d\xc9\xf60\xf8\x83\xd1\xd5\x8e`\x7f\x7f\x08\
\xe83c\x8f\xf8\x05\x03M\xe0\x80Q\x22\x9fd\xfe\x5c\
\x1fUZ\xbc:w\xdd\x9a\x91\x0c\x0a\x5cc#n\x9e\
3\xff\xde`w\xcf\x0e\xf7g\x07\x01W*\x01\xa4\xd2\
\xd5\x8a\xfbo\xffX{\xe7\x9d\x0e\x0c\xc3\xf8\xdd72\
\xe11]};\x9cM\x1f\xd1\xcc\xe0\x10\xcd\xa1\x5c\x94\
1b\xbf\x84\xa1\x98\x14\xa0\xbb\x8c\x07O\xedi\xdeX\
\xe3\xf5\xa7$AUL\xc0E\xa4\x08n\xbe\xee1\xd0\
K\xebA\x84\x8d\xb7\x08]k@\xa3DC\x83\xc3\xdf\
\x04\x97\xb7.\xea\xed\x95\xa4\x81\xc61\xc0dr']\
9\xad\x87\x9eY\xb59w\xdd\x9aWGO\x8e\xf9\xf0\
\xe1Z\xd7;\x1fV\x12\x04\xfe\xbe\xf7x\xdb\xc8\x9f0\
\x9a\x06\xe5\xc3\xf7A\xd0\x17\xbc\xa1\xe0\xb15_\x8e~\
\xc6\xd6|\xecI\xff\x89\xf6'=\x87\x9a\xcb\x82\xfdF\
9\x0fv\x8c2)@77o\x91Z\x09\xfb\xdf;\
.|T\xef\xf1\x87\x1c\x98\xd2Y\xc44\x0d\xb5\x957\
\xc2t\xf5\x0a\x90b\x85@\xf1`\x87N,\xaf5\xa0\
\xd1\x98\xd1\xe1\x0aZ\xa5\x83\xcce\xbf\xe5\xd1\xf2O\x16\
h\xb4\xe9\x93\xdd\xbat\xaf\xee\xc9\xef\x8e\xb1`\xb8{\
\xfa\xeb\x87\xff\xfc\x179UZ\xda\xe4\xdc\xb9\x07X{\
\xe4\x93V\xc9\xe2y\xe0;\xdd\xb9B\xbar\x853|\
r\x18\xee\x97\xe3h\xeb\xf3\xd6\xcd\xaf?\x15\xb8`\x8c\
\xe9\xe31)@\xa3N~\xd0\xd2\xa8\xf7:\xcd\xaf\x1b\
-'W\x04\x98\x94${\x8d\xf9M\x88%\x04\x14\x15\
\xeb\xa0Ls#\x14\x88\x96\x82\x14+\x01\x0cH\xde\xd1\
\xc8\xc0~\x98\xce\xefi\xca\xb5\x1d\x8ay\xf7\xf0\xa5\x98\
w\xe3M\x9c\xc9\x02M\xe4\xe5\x80\xe6\x89\xc7\xf6\xaa\xea\
\x17\xf3@\xdb\x8f\xb6.u\x7fy\xa4\x9aT*\x9f\xf3\
\x1cn\xd1\xfb;\xe2\xeb\xc4\xb8T\x02\xa2\xda\x99\x06\xd6\
l\xd9H\xdf\xb8\xa0C\xf7\xe8\x9a\x91\x001\xbd\xff\xf8\
/m\x81\xae\xeeZ\xb8\x14c\xe5J\xc1\xa2{\x8c\x0c\
E\xf1\xae\xaaB\x84\x9er'\x8c\xff\xfax\xedt\xbf\
\xdf\xf5\x92\xdb7\xb4*\x13P\xd3b\x1c\xf2\x0a\xe4P\
\xac\xab\x81\x5cj\x1e\xafW#G\xa3l>\x01\x142\
q\x91\xea\xa0\xccY\x06\xcb\xe3\xc0\xb0\xe3\xef\x91&\x0b\
4\x82Qr\xc3\x82\xb3T\x81\xee\xcd\xe0\x90\x05\x18\xb7\
{\x153d\x9e\x178\xdb\x03\x5c \x01\xcb\x1f\x91x\
\x8c\x00\x00\x0b\x06IDAT\x16\x86\x01\xa1V\x02\x99\
\x9b\xd3\x82\x91\xf8Nq\xdd\x5c\xf0\x1b\x0c\xe0=\xd6\xf6\
$kw\xea\x22\xe9\xd2\xb8J\x01\xb8X\xfcf\x80\xe3\
\x9e\xad|\xf3\xff\x0a\xf2;M9\xd0H\xd0\xcd\x1d\x7f\
]\xdf;\xd4\xbc\xb5{\xe0 \xb0)?t\x19?\x95\
\x14\x8d\x83:\x97\x82\xfc\x02\x0d\x90\x22\x00\x06\xd2\xff\xeb\
\x90,t\xe9~\xce\xea\xbc\x9d\x8f\xd7qe\x89\x06\xb4\
^\xae\x84\xdb\xa6U\xf2\x97\x8c#\x16\x94eJ&\x05\
2?\x0fX\xaf\x0f\x98\xc1\xa1\xa8 \xa3\x8b\xd4\xde`\
\x10\x82\x5c\xf4\xf0*\x18\x8e\x03\xaeT\x00\x91\xa3\x01\xd6\
\xe5\x01\xc64\x04\x5c\x94\xebW\xf2\x9b\xebA\xb4dq\
\x13.\xa6\xbe[\xbad\x89\xa0\xbc!i\x01\xdal\xee\
,6\xb9\xbb_8\xd1\xfd\xc1#\xbdC-\x90\xfa\x93\
\xc4\xf1\xa2'\x08\x0c\xd4y\x14\xe4\xe9E\x80\x00\xbfV\
\x0b\xcbJ\xe1\xa2\xf5\xb1q\xf9\xc2\xa3\x01M\x13$\xe4\
H\xa4|,D\x04\xb5LD\x83V\x22\x85b\x85\x12\
\xa4d\xfc\x83,\x8e\xe3\xa0\xcfi\x87\x01\x97\x13l^\
\x0f\xf8\x19\x06&\x1a\x803<wd\xbe\x0e\xaaV\xdd\
\x09\xd2\x82\xbc\xd9K\xd6\xad\x9b\x1c\x95#\xdc\x19\xa3\xa3\
3\xcf\xed\x18\xd8|\xa8\xe3\xbf\x1e0Z\xdb\x80\x8b\xf1\
\xd5\xa6\x0a>\x1c\xc7@\xaa @?M\x02\xb4$-\
\xdfj\xaa\xba\x9a\xd6v\x90[\xa9\xd1\xf2}`\xd8\xcb\
\xf6\xfah@\x8f\xee\x08\x92\x18\x8e\xe2\x04\xe28\xd0\x04\
\x01\xa5*\x0d\x5c\x9f_\x08d\x14\xb7\x03\xb3\xd7\x0d\xad\
\x03F0\xb9]\x10`\x18`X6\xe5\xde17\xfd\
\xe8\x07\x907k\xc6\xec\xebW\xad\x9a\x5c\xa0\x91\xa0\xfa\
\xfa\xfa$\x01\xea\xc2\xae\x8f\x8e\xbd\xd0`w_L\xeb\
$\x8en\x9c\x22q(\xaa\x14\x83B\x93\x01\x97\xd6\x8c\
\x8dJ\xf8\x8b8\x8e\x00\x87\xfb\x1f\xc0d\x7fp\xe4!\
\xce\xeb\x05\xeb/~\x01\xfe\x13'\x047\x84V\xecB\
\x85\x12\xfeA_\x0a\xf2Q\x97d\x91J\xd1a\x1e\x82\
\xd6\x01\x03\x0fr:]\xbc\xee\xff\xfd\x7f@\xd9\xe2\x85\
\xb3s\x04\x86\xa7\xc8\xc82\xd6v\xfe\xff\x1f\xda\x7f\xe2\
\xa5E\xde\x80##\xefC3\x86~B\x0bJ%\x90\
S@A\x02~M\x82'{\xaaWD\xae\xa5(f\
\x87\xd3s\xfd\x889\xd3\xbd\xefcp\xbe\xb1\x1dX\x8b\
Ep\xf7\xd1\x84\x15)U\xb0\xb4d\x1a\x1f\xf9s\xd8\
\xe7\x81\xa3\x17\x0d`t\xd8S\xa6Z\x8c\xeb\x0c\xda@\
\x92$\xcc}h\xb5\xa7l\xf1\xe2{\xe6=x\xbf\xe0\
4\xd8\x19\x03\x0cA\xfd\xc5\xe9\xad\x8b\xd1J\x9d\x09\xf5\
\x03\x09\x09\xa9 J-\x09\xbab\x1aDb|t\xcc\
l\xc1\x13\x9a\xcd\x15}\x81b\x18\x1c\xfe\xd6\xa5\x13\xc4\
\xd0T\xbb\xf7\xed\x03\xf7\x8e\xbf\x01\xebr\x8e\x0b\x1f\x80\
nm\xa3\x95\xfcJ\x13\x1aRA\x8a\x95jP\xd04\
t[\xcd\xe0\xbc\xe2v7\xdf0\x8a\xe1AQ\x80I\
%\xe8D\x11\x09\x9fW]$d\xfc0ec\xd4\x1e\
t\x90\x83\xe3\xd6\xe97-5T\xddr\xd3\xc6\x9aK\
~\xd6B\xe7!c@\xa3\x0e\xf5\x0f\x9d\xd8\xf7\xe9\xc9\
M\x0dFk{F6\x8a\xbc\x9c\x01@\xaa !W\
/\xe2\xf5k\x92\xca\xe8\x90\x85\xceCZ\xea!\xdb\xb4\
\xcb;\x97\xcf\x17\x1edB\xf1\x95Qam6\x08t\
\x9f\x03\x16\xc5\xc4\x18U\x18\xa3\x11\xfc\xc7\x8fC\xa0\xa3\
#1\x93\x1c\x8e\x03\xa1\xd3\x81h\xee\x5c\x10]7\x07\
\xc8B=H\xa4\x12P\x03{p~\xbe\xd6I$p\
E\x8f\x14\x8bA\x9a\x9b\xb37\xa7\xb8\xf8w\xc9\x08%\
\xa3\xb3\x8btj?\xd1\xf3\xe6\xd1\xae\xbf<\xd07\xd4\
\x92\x11\x93^X(\x94\x08\x07U\x0e\xc9\x9b\xf7\xc42\
\xe2\x9aY\xadQ\x84-\xbb\xbb\x9e\xbf\x040z\x93\x18\
\x0d\x96`_\x1f\xd8^y\x05\x02\xa7N\x09\xf2\xb3@\
\x01h\xa89\xb3A\xdap\x1b\xd0\x8b\x16\x01r\x5cR\
\xd2\x22\xc8\x95\x8a\x9b\x08\x92\xfb\xee\x1d\xa5\xa5\x82\xccm\
\xc9\xc0\x1b\xe9\x99\x8c\x02\x8d:\x80\xac\x1fCC\xa7\x9e\
\xfc\xac\xed\xb5yA\xc6\x97\x91\xc3\x97\xf0\xc0\x91^-\
S\x90\xa0\xca\x0d\x81\x8d\x13\x19\x1f~\xaa\xe6-\xa1v\
P,\xe9a\xe7\xed|,\xe9X\x1ey\xe1F\x9d\xef\
\xbc\x03\xae\xb7\xde\x82X\x91CQ]\xa2\xb8\x18$\xcb\
\x96\x01\xbdx1P\xe5\xe5\xfc\x22\xa1\xa1i(R\xc8\
v\xca\xc4\xc4\xff\x99\xaf\xd3\xc5?FLh$\xf1+\
O\xda\x8c\xbe\xbe\xe7\x91j\x9a\xa6\x7fks\x1bV\xb9\
3\xe0\xa57Z\x14H\xedP\xaaI\xd0\xe4\x87\xd4\x90\
k\xa1\xf8\x03\x85`v\xdc\x0b\xe8B@\xbc\xf0\xbb\xee\
\xa6&pl\xd9\x12]\xed\xa0(\x10/Y\xc2\xc3,\
\xba\xee:\xc0H\x92W*H\x02\xfb\xbcT\xa9x\xa3\
\x5c!\xfe|f^^\xc7d\xc8u\xd2\x80F\x83\xdd\
\xdd\xfc\xcb\xe9\x1c\xc7\xbd\xd2;\xf8\xe5\x0a\xa7\xd7\x94\xd1\
\xf1\xa3\xd5\x84\x96\x10\xbciO\xab\xa3\xf8M\xe3\xd5]\
p\xf0\x05\x8a``\xf8Q\x08\x04c\xdf\xff\x8c\x054\
YV\x06\x92\x95+A\xbcp!\x10yy\xfcf\x10\
\x99\xf7\xe4\x14u\xd4\xc3\xf8\xd7~\xef\xfaZA\xf6\xe2\
t\xc9zR\x81F\x83:p\xfau\xbd\x94T\xbcs\
\xb4\xeb\xed\xfaa\x17\xbaM\x91N\xab\xe6x1\x22K\
\x08-\xc5A\xab\x13\x81*\x97\x02\xe2\xaa^\xb0\xc3\xc9\
\x86\x1e\x05d\xd6\x8bV\x22\x01\x8d\x89i\x10\xd7\xd7\x83\
\xf4\xee{\x00A\x1d\x0e\xde\x88`.S\xc9\xbb\xac\xbe\
\xe0m\xdf\x9eU!(.w\xba`F\xedN:\xd0\
\xa8\x13\x06C\xb3\x94\x13\x89\x9a?i}\xb9\xe6\xe2\xf0\
e\x9f\xdat\x0e\xfc\xca\xb6\x91\xadZ&\x0f\x99\xf8\xa4\
\xca\xaby\xd3\x88\x81\xd3[\x07\x03\xd6\xb5\x82\x81F+\
\xb1l\xcd\x1a\x1eh\x14\x894\xbc\xa3\xa6\x08\x1cn\xd4\
\xeb\x1c&\x13\xa3_V\xabKQ\x08\xb8\x89\xcd\xfa\x94\
\x00z\xf4\x10\xf6\x1d\xfb\x0f\xfb\xc9\x9e\x9d\x8a \x131\
@\xd2\xc4F+\xe0i\xb4\xe2 \xa0\xf3\x8ah\x90\xca\
\xf1\xabv\xe3hs\xdd\xca\xc7\xf4\x88\xa4O\xfbO\xb5\
\xc3\xf0\xf3\xbf\x06d\x97\x16-\x5c\x00\xcau\xeb\x80\xd0\
]VS\x90\x8cT4\xe5\x94\x11\x8c\xfe\xdeK\xd7\xaf\
\x04\x886#U\xa6\x1c\xd0\xed\x83\xfb\xe5~\xbb\xf9\xd0\
\xe7m\xaf\xc9\x83\x9c\xaf,]\x97o\x85HW\xa1\xa6\
 \xb7P\x04b\x19\x0e\x04\x89]U\xa6>d\xa3F\
'\x89\x0e\xf7\xe2\x88P\x07\x8d\x06`\xadV\x10\xcd\xba\
\x9c{\x95\xdfw\x10\x04\xe4\xcb$=2\x1a\xbfmY\
II\xc6\xad\x18\xf1\xe6m\xca\x01\x1d\xee\xf0\xff\xfb\xe4\
\x89\xf9\x1cx\xb6\xdb\xdc\x17k=>+p\x19\xd6\xad\
\xc3\xfd@\x93\xa8\xd4P\xa0\xd0\x92 \x91\x11@\x89\xd0\
\xb1\xec\x94\x15[\xbc\xf9\x1e\xf3\xf7 \xa3\x02\x93\xed\x9b\
\xe0\xf1U\xc7\xb5|\xa0co1ItUjUg\
u2\xfa\xe7\x95j\xf5\x98\x90\x05\x09\xbd8\x8d\x95\xa7\
\xf4\xcc\x1c\xed\xf8\xcb\xd2>\xcb\xb1\xef\x18\xad\xa7\x96z\
\xfd\xb6\xea\xc9RC\xf8\xcd\x06\x0e \x91\x12 W\x91\
 \x91\x13\xfc\xe1\x0c\x82;\x9a\x1bq\x1a\xe7,\x85M\
c\x80\x8e\xc7CY\x00P\x02\xcf\xf1\x96\x1e\x04\x08\x81\
\xe3\x17T4\xd5T(\x97\xec\xba\xb9\xb4hg\x0a;\
\x90\xf2\xa6\xa64\xd0\xe1\xd1\xbew\xe0\x9fWIh\xd9\
K\xbd\xa6\xe6\xe9\x0e\x0f\xba\xb8\x90YK\xc8h\xa9#\
\x81!\x7fk\x045\xb2aKe\x04o%\xc9\xd6U\
\x1b\xa9\x1en\xdf,>\xa4\x18\x0a\xfe8f\xac\x18\x06\
\x052\xc9\xa0\xd3\xef\x7f\xf6;s\xaa\xdfL9}i\
h0+\x80F\xe3\xee\x1b<\xba\xe2\xf3\xf6-\xc5b\
Z\xb9\xa9g\xe0KI\x90\x9d\x9cM\xe3\xe89@\x97\
\x0aD\x12\x1c\xd050\xb14\xb4j\xa3\x8dd\xb6\xc1\
\x8d\x8e\xc7Q\xc0Gt<\x8e\xd4\x10Tr$4X\
|\xfe\x0d\xf3\xf2s\xac7\xe8\xf3\xf9@\x8c\xd9P\xb2\
\x06\xe8\xb00\xbfh\xdf\xd6\xd0r\xee}\xa5F^\xb8\
\xc3`i\x9d22Fp\xa3\x13Ht@\x83tm\
\xb4z\xa3\xff\xe5\x9d\xa1\xb2@\xca\x0c+\xe3Wi\x8c\
Y\x02\xfe\x00\xfe\xb8N.\xee\xb9\xbbj\x9a\xe04\xd3\
Se\x22\xb2@\xd4\xe3E\xd5\xc85\xe2\xb3\x0fzj\
\xac\xae\xcez\x8ee\xb7\xd8\xdc\x19\xf5\x7f\x89;w\xe8\
\xb0\x06\x85\xcb\xe6\x0fm\xc48\xef?\x82L\x81\x12\xd9\
\xd45\x032\xac\x1a\xa4\xb0\x128f\xf6\xe3^\xbff\
\xfb\xca(\x81\xe5\xe3\x0e~\x92+d%\xd0a\x99\xed\
\xdf\xdfH\x16T.}\xc2d\xeb\xd8\xd4v~\x17d\
\x22rS2\xf3\x856\x8e\x18\xf2\x17\xc6\x01DtH\
=A\x80\x8b%\xe8\xbf'\x07r\x8f\x8b\x05\xbf\x97\x05\
\x8f\x0b\x07\x1a\x9f\x01ZU\xed\x0b\xaa\x5c\xcdo<\xda\
\x22\xf72lY(\xd5Y\x16\x96\xac\x06\xfaJy\xef\
n\xfe\xd5\x8e.\xc3\xa7\x0dA\xc6\xad`X\x06\x9b\xcc\
\xcdc\x22, 5\x85$q\x90)\xc9K\xd0c\x80\
\xdc])1\x06\xd4\x95\xfe\xdb\xb1fl\xd4^\x99e\
\x00<\xaePD\x22\xbf\x8f\x03\xbf\x87\x05\x1f\xfa\xe7e\
 \xe0G\x8eD\x22N\x22\xd6:\xaa\xcb\xef\xfa\xf8\x96\
\xea\x0d1\xd3\x0d'2\x96\xc9\xae{U\x01\x1d\x16\xe6\
\xee#\xcf\x1f:k\xdc\xaf$p\xaa\x06Eq\xcaD\
(\x85LL$\x02\x1f\xe9\xea\xd1\x0a\x8a\xd5\xe2\xf3D\
\x0b\xab\x85\xf1\x09\x9e\x82\xac\xb7+WS\xe9[V\xfb\
\x8c\xb34\xaf.~\xe8\xffL\x0c,\x85\xef\xb8*\x81\
F\xf2i6\xec\x92\xb2N\xfb\x8e\x13\xdd\x1f\xe4\xe28\
>\xdf\xe1\x1e\x00\x7fpl$\xff\x14\xcaq\xca6E\
\x124\xc8\xc4\xb9\xc0\xb2\x81\xf6\x02\xf5\xac\x0b\x0a\xb1\xee\
\xf1\x86y\xcfN\xba\x13Q\xba\x04v\xd5\x02\x1d\x16X\
\x8f\xf1x\xed\xb0\xaf\xf7\xe9\xe3g\xdf\x05\x96\x0b.e\
\xd9`5\xf2\xeac\xd9\xacU\x13\x05\xb0\x80\xf1\x10K\
i\xd5\x05_\xc0\xd5TS\xb2\x1cT\xd2\xd27\xe6V\
\xdc=\x12\x82K@#YY\xe5\xaa\x07z\xf4\xac\xb4\
\x9f\xfbp\x95\xc1\xd6^w\xfa\xc2^(\xd6\xd6\xfd\xd4\
\xec\xec\xa5\xad\xce\xabg\xb1B\xb9i4\xf2\x12\xe8\x1d\
:\xdc\x882\x1eT\xe8\x97\x9e[X\xb5&+\x0eD\
R\xf5\xf5\x5cS@\x8f\x16Z[\xf7\x87k;\xfa\xf7\
SVg\xaf\xbe,\x7f\xe1s\x83\xc3]0d\xef\x02\
\x7fpJxA\x0a\x9a_\x02\x17\x81R\xaa\x87\x5ce\
\x05\xd8\xdd\x17~'\xa2T\xa7\xa6\xe5\xd7\xc3\xe2\xeao\
\xf1)\xd5\xae\xc5r\xcd\x02\x1d\x9e\xec\xc1\xc1v\xb99\
8P\x7f\xbe\xef\x7f\xa0\xcb\xf4\x05\xd4\x14\xdf\xfa\xb4\xdf\
\xef\x5cavt\x83\xc5\xd1\x03~fj\xe9\xddjY\
)\xe4(\xcaA.\xd1\x1d=\xd5\xbb\xe7\xe7y\xcaj\
\x98Vx#\xe4\xe0\x9a\xa3\xd5\xd5\xf7\xa4'\xd9M\x16\
}\x19\xd7<\xd0W\xce\xd5\xe9\xde\x03\xfa!G\x97\xe6\
\xa2\xb5\x15.ZN\x81\x94\x96\xcbg\x97\xaf>d\xb2\
u\x82\xc9~\x16\x9c\x9eA\xf0\xf8\xad\x19\x99b\xb9X\
\x079\xca\x0a\xd0*\xca\xf8U\xb8\xa5\xf3\xed\x1bp\x8a\
v\x16hk\xa0T9\xc79\xab\xe2\xae\xabG_J\
\x91D\xbf\x06:\x8e 9\x8e\xc3\xba\xba\xf6(:\xcd\
]`\xb1t\x82\x05\xba\x00,\x16X\xd9\xf0\x9f;\xdc\
^k\x83\xcde\x04\x8fo\x18\x86\x1c\xe7 \x10t\x83\
\xc5q\x1e\x84\xfa\x99\x908\x0dZE9P\xa4\x14\x14\
\x92|P\xcb\x8a@%+\x04\xa9X\xf3\xf1\xee\x8f\x9f\
]\x0dZ-Tj\x17\x836\xa7\x12r\xb4\x95\xe8\xbf\
G\xd2;\xa4h\xfe\xaf\xbaf\xfe\x17TnO\xf5g\
\x1e\xa3~\x00\x00\x00\x00IEND\xaeB`\x82\
\x00\x00\x018\
\x00\
\x00\x04cx\xda\xb5\x92\xc1K\xc30\x14\xc6\xef\x85\xfe\
\x0f\x01\x0f\x9d\xd0Jm7\xb0\xf3\xe8E\xa1\x9e\x86\x8a\
\xc7\xb4y\xcd\xc2BR^\xd39\x10\xffwSmC\
\xb79\xd8t\x06\xf2./\xef\xf7\xbe||\xb9P\xab\
;\x8a\x8c\xbc\xfb\x1e\xb1\xa7\xd0\xc8\x00\xe7\xe4\xba\xde\x90\
FK\xc1\x08\xf2b\x92\xa4\xd3\x90\x0c\xe5\xf2v\xfc4\
B\xcaD\xdb\xd8\x89\xb8\xde\x0c\x1dZ\xae8\xeaV\xb1\
\xa8\xd4R[\x9c\x85\xd0I2\xcd,\xc0\x95\xf8*\x9b\
u\xac\x0f\xdf\xf3\xbd\xbc\xd71_\xea5\xa0Ss,\
(\xdd\x16\xb5\xa7?\x89\xed\xdb\xbe\xb8\x9d\x17F\x18\x09\
9-@\x0e\x0b+\xad\x8c\x1d\xbe\xb1\xd3\xc1\x02\xb8\x06\
\xf2\xf4\x10\x84$x\x14%\xeaFW\x86\xbc\xd2{\x10\
A\xbf\xad\x17UH\xab\xd3QK\xcb\x00e~\xe2&\
\xa7q;\xe9Y\x1a\x92\xef\xbb\xe7\xd5\xb3\x80\xb7\xc3N\
\x19\xa4\xaa\xa9)Z);\xde(\xad\xc0\xa9]\x9f\x00\
\xf9\x9aX\xb4\x9cCc~\x19\x9a\x9a2&\x14\x8f$\
T\x9d!3\x97\x99\xa1\x81\x82/\xb7;g\xcd\xd9H\
\xfdN\xd4\x8e\x0b\xce\xc1\xb5vk\xf7\xd3\xbe\x8c2\xd6\
9x\xf6\x8ci\x14\xff\x97\xaf\x91G/\x82q0\x7f\
\x0b\xd9'\xcbP;\x09\
\x00\x00\x01;\
S\
crollArea {\x0d\x0a   \
 border: none;\x0d\x0a\
    background-c\
olor: transparen\
t;\x0d\x0a}\x0d\x0a#fileBrow\
ser{\x0d\x0a    border\
: none;\x0d\x0a}\x0d\x0a#tra\
nsLog{\x0d\x0a    colo\
r: rgb(118, 118,\
 118);\x0d\x0a    font\
: 10px 'Segoe UI\
', 'Microsoft Ya\
Hei';\x0d\x0a    backg\
round-color: rgb\
(240, 240, 240);\
\x0d\x0a}\x0d\x0a#remain_tim\
e_label{\x0d\x0a    co\
lor: black;\x0d\x0a   \
 font-size: 15px\
;\x0d\x0a}\x0d\x0a\x0d\x0a\x0d\x0a\
\x00\x00\x01\xfd\
S\
ueggestCard#sugg\
estCard {\x0d\x0a    b\
order: 1px solid\
 rgb(234, 234, 2\
34);\x0d\x0a    border\
-radius: 10px;\x0d\x0a\
    background-c\
olor: rgba(249, \
249, 249, 0.95);\
\x0d\x0a}\x0d\x0a\x0d\x0aSueggestC\
ard#suggestCard:\
hover {\x0d\x0a    bac\
kground-color: r\
gba(249, 249, 24\
9, 0.93);\x0d\x0a    b\
order: 1px solid\
 rgb(220, 220, 2\
20);\x0d\x0a}\x0d\x0aSuegges\
tCard#transLabel\
 {\x0d\x0a    font: 18\
px 'Microsoft Ya\
Hei';\x0d\x0a    color\
: black;\x0d\x0a}\x0d\x0a\x0d\x0aS\
ueggestCard#oriL\
abel {\x0d\x0a    font\
: 12px 'Microsof\
t YaHei';\x0d\x0a    c\
olor: rgb(93, 93\
, 93);\x0d\x0a}\x0d\x0a\x0d\x0aQLa\
bel#label {\x0d\x0a   \
 border: 1px sol\
id red;\x0d\x0a}\x0d\x0a\
\x00\x00\x01d\
S\
ettingInterface,\
 #scrollWidget {\
\x0d\x0a    background\
-color: transpar\
ent;\x0d\x0a}\x0d\x0a\x0d\x0aQScro\
llArea {\x0d\x0a    ba\
ckground-color: \
transparent;\x0d\x0a  \
  border: none;\x0d\
\x0a}\x0d\x0a\x0d\x0aQLabel#set\
tingLabel {\x0d\x0a   \
 font: 33px 'Mic\
rosoft YaHei Lig\
ht';\x0d\x0a    backgr\
ound-color: tran\
sparent;\x0d\x0a}\x0d\x0a\x0d\x0aQ\
Label#packLabel \
{\x0d\x0a    font: 33p\
x 'Microsoft YaH\
ei Light';\x0d\x0a    \
background-color\
: transparent;\x0d\x0a\
}\x0d\x0a\
\x00\x00\x00u\
P\
ivotInterface QL\
abel {\x0d\x0a    padd\
ing-left: 10px;\x0d\
\x0a    font: 14px \
'Segoe UI', 'Mic\
rosoft YaHei';\x0d\x0a\
    color: black\
;\x0d\x0a}\
\x00\x00\x00r\
#\
frame {\x0d\x0a    bor\
der: 1px solid r\
gba(0, 0, 0, 15)\
;\x0d\x0a    border-ra\
dius: 5px;\x0d\x0a    \
background-color\
: transparent;\x0d\x0a\
}\
\x00\x00\x01\xbb\
F\
ileBrowser#fileB\
rowser{\x0d\x0a    bac\
kground-color: t\
ransparent;\x0d\x0a   \
 border-bottom-r\
ight-radius: 10p\
x;\x0d\x0a    border: \
none;\x0d\x0a}\x0d\x0aQTreeV\
iew#treeView{\x0d\x0a \
   background-co\
lor:transparent;\
\x0d\x0a    border:non\
e;\x0d\x0a}\x0d\x0aQLabel#la\
bel1{\x0d\x0a    color\
: black;\x0d\x0a    ma\
rgin-top: 5px;\x0d\x0a\
    font-size: 1\
0px;\x0d\x0a}\x0d\x0aQLabel#\
label2{\x0d\x0a    col\
or: black;\x0d\x0a    \
font-size: 6px;\x0d\
\x0a    font-family\
: \x22Microsoft YaH\
ei\x22;\x0d\x0a    color:\
 dimgray;\x0d\x0a}\x0d\x0aQL\
abel#label2:hove\
r{\x0d\x0a    color: r\
ed;\x0d\x0a}\x0d\x0a\x0d\x0a\
\x00\x00\x04h\
S\
tackedWidget {\x0d\x0a\
    border: 1px \
solid rgb(229, 2\
29, 229);\x0d\x0a    b\
order-right: non\
e;\x0d\x0a    border-b\
ottom: none;\x0d\x0a  \
  border-top-lef\
t-radius: 10px;\x0d\
\x0a    background-\
color: rgb(249, \
249, 249);\x0d\x0a}\x0d\x0a\x0d\
\x0aQScrollArea {\x0d\x0a\
    border: none\
;\x0d\x0a}\x0d\x0a\x0d\x0aMainWind\
ow {\x0d\x0a    backgr\
ound-color: rgb(\
243, 243, 243);\x0d\
\x0a}\x0d\x0a\x0d\x0aCustomTitl\
eBar > QLabel#ti\
tleLabel {\x0d\x0a    \
color: black;\x0d\x0a \
   background: t\
ransparent;\x0d\x0a   \
 font: 13px 'Seg\
oe UI';\x0d\x0a    pad\
ding: 0 4px;\x0d\x0a}\x0d\
\x0a\x0d\x0aMinimizeButto\
n {\x0d\x0a    qproper\
ty-normalColor: \
black;\x0d\x0a    qpro\
perty-normalBack\
groundColor: tra\
nsparent;\x0d\x0a    q\
property-hoverCo\
lor: black;\x0d\x0a   \
 qproperty-hover\
BackgroundColor:\
 rgba(0, 0, 0, 2\
6);\x0d\x0a    qproper\
ty-pressedColor:\
 black;\x0d\x0a    qpr\
operty-pressedBa\
ckgroundColor: r\
gba(0, 0, 0, 51)\
;\x0d\x0a}\x0d\x0a\x0d\x0a\x0d\x0aMaximi\
zeButton {\x0d\x0a    \
qproperty-normal\
Color: black;\x0d\x0a \
   qproperty-nor\
malBackgroundCol\
or: transparent;\
\x0d\x0a    qproperty-\
hoverColor: blac\
k;\x0d\x0a    qpropert\
y-hoverBackgroun\
dColor: rgba(0, \
0, 0, 26);\x0d\x0a    \
qproperty-presse\
dColor: black;\x0d\x0a\
    qproperty-pr\
essedBackgroundC\
olor: rgba(0, 0,\
 0, 51);\x0d\x0a}\x0d\x0a\x0d\x0aC\
loseButton {\x0d\x0a  \
  qproperty-norm\
alColor: black;\x0d\
\x0a    qproperty-n\
ormalBackgroundC\
olor: transparen\
t;\x0d\x0a}\x0d\x0a\
\x00\x00\x01)\
\x00\
\x00\x04Wx\xda\xbd\x92AK\xc3@\x10\x85\xef\x81\xfc\
\x87\x85\x1eR!\x91\xd8\xda\xd2\xd6\xa3\x17\x85x*\x0a\
\x1e7\xd9\xc9fi\xd8\x09\x93M[\x10\xff\xbb\x9b6\
\x89iU\xb0Z]\x98\xbd\xcc\xcc\x9b\x8f\xc7\x8b\x94^\
\xddr\x12\xec\xc5u\x98}1\x92\x00Z\xb0\xabb\xcb\
J\xcc\x95`$\xe3\xe1\xf5\xd4g\xfb\xba\xb8\xe9\xcf\x05\
\xc4\x85\xaaJ;\x1e\x16\xdb\xb6\xc3\x93\x95$\xac\xb4\x08\
\x12\xcc\xd1jY\x05>\x1c\xcf}\xd6Vx9\x9f\xd4\
B\xaf\xae\xe3:QC\xb0\xc8p\x0d\xd4q|Ke\
|\x88s\x8c=\xb5\xc8\xfb\xea\xae\x0d\x8c29D<\
\x86\xbc=\x95\xa26vsfW\xbd%H\x04\xf6x\
\xef\xf9\xcc{P\x09a\x89\xa9a\xcf\xfc\x0e\x94\xd7\x9c\
jp6\x992\xd0\xa9&V\x03\xb4\xf9Lwt\x9a\
n\xcd=\x0ag>k\xbf\x0fF=)\xd8|m\x93\
!\xae\xcb\x82\x93\xa59\xf2F\xa3~\x07^\x9f \xb2\
\xdbXV %\x94\xe6'a)\xb8\x10J\xcb \x87\
\xb4vd\xd2e\xa5m\x90\x92\xd9a\xe7|\xf9\xea\x83\
\xffG\xc6\x06;\xf3\xce\x9e0$\xf5\xa7\xe9\xea\xdb\xf4\
\xfb\x84\xbd\x01\x17p9\xcc\
\x00\x00\x01\x9e\
S\
crollArea {\x0d\x0a   \
 border: none;\x0d\x0a\
    background-c\
olor: transparen\
t;\x0d\x0a    border: \
1px solid rgb(30\
,30,30);\x0d\x0a}\x0d\x0a#fi\
leBrowser{\x0d\x0a    \
border: none;\x0d\x0a}\
\x0d\x0a#view{\x0d\x0a    ba\
ckground-color: \
transparent;\x0d\x0a}\x0d\
\x0a#transLog{\x0d\x0a   \
 color: rgb(118,\
 118, 118);\x0d\x0a   \
 font: 12px 'Seg\
oe UI', 'Microso\
ft YaHei';\x0d\x0a    \
margin-top: 15px\
;\x0d\x0a    backgroun\
d-color: transpa\
rent;\x0d\x0a}\x0d\x0a#remai\
n_time_label{\x0d\x0a \
   color: white;\
\x0d\x0a    font-size:\
 15px;\x0d\x0a}\x0d\x0a\x0d\x0a\
\x00\x00\x01\x8c\
S\
ettingInterface,\
 #scrollWidget {\
\x0d\x0a    background\
-color: transpar\
ent;\x0d\x0a}\x0d\x0a\x0d\x0aQScro\
llArea {\x0d\x0a    bo\
rder: none;\x0d\x0a   \
 background-colo\
r: transparent;\x0d\
\x0a}\x0d\x0a\x0d\x0aQLabel#set\
tingLabel {\x0d\x0a   \
 font: 33px 'Mic\
rosoft YaHei Lig\
ht';\x0d\x0a    backgr\
ound-color: tran\
sparent;\x0d\x0a    co\
lor: white;\x0d\x0a}\x0d\x0a\
\x0d\x0aQLabel#packLab\
el {\x0d\x0a    font: \
33px 'Microsoft \
YaHei Light';\x0d\x0a \
   background-co\
lor: transparent\
;\x0d\x0a    color: wh\
ite;\x0d\x0a}\x0d\x0a\x0d\x0a\
\x00\x00\x00u\
P\
ivotInterface QL\
abel {\x0d\x0a    padd\
ing-left: 10px;\x0d\
\x0a    font: 14px \
'Segoe UI', 'Mic\
rosoft YaHei';\x0d\x0a\
    color: white\
;\x0d\x0a}\
\x00\x00\x00x\
#\
frame {\x0d\x0a    bor\
der: 1px solid r\
gba(255, 255, 25\
5, 13);\x0d\x0a    bor\
der-radius: 5px;\
\x0d\x0a    background\
-color: transpar\
ent;\x0d\x0a}\
\x00\x00\x01\xc3\
F\
ileBrowser#fileB\
rowser{\x0d\x0a    bac\
kground-color: t\
ransparent;\x0d\x0a   \
 border-bottom-r\
ight-radius: 10p\
x;\x0d\x0a    border: \
none;\x0d\x0a}\x0d\x0aQTreeV\
iew#treeView{\x0d\x0a \
   background-co\
lor:transparent;\
\x0d\x0a    border:non\
e;\x0d\x0a}\x0d\x0aQLabel#la\
bel1{\x0d\x0a    color\
: white;\x0d\x0a    ma\
rgin-top: 5px;\x0d\x0a\
    font-size: 1\
0px;\x0d\x0a}\x0d\x0aQLabel#\
label2{\x0d\x0a    col\
or: transparent;\
\x0d\x0a    font-size:\
 6px;\x0d\x0a    font-\
family: \x22Microso\
ft YaHei\x22;\x0d\x0a    \
color: dimgray;\x0d\
\x0a}\x0d\x0aQLabel#label\
2:hover{\x0d\x0a    co\
lor: green;\x0d\x0a}\x0d\x0a\
\x0d\x0a\
\x00\x00\x01n\
\x00\
\x00\x05\x19x\xda\xedSMk\xc2@\x10\xbd\x0b\xfe\x87\
\x85\x1eT0\xe0G\x15jA\xa89\x15\xea\xa1\xd8\xe2\
y\xe3\x8eq\xe9\xba\xb3\x9dl\xaam\xe9\x7f\xef\xe6K\
M\x8dR\x0f\xbd5a\x16\x92\x997\xef\xf1fgf\
\xf9\xe2\x05\xc4\x5c\x8a\x10,\xfb\xac\xd7\x98{\x02$\x01\
4b]\xb3e\x11*)\x18\x85A\xb3w\xd3fY\
\xb4n\x0f\xeb<\x92\xe1\xca\x8e\x98F\x0d\xe5D\x80\xd6\
\xe2\xba*c\xd1x\x0a\x96\xd6#.d\x1c9\xaa\x8e\
\xd9\x16%NQH\x18k\xe1-P\xa1\xd3\x91\xb0\xf7\
\x1ds\x16\x09\xfbW\xbd\x96\xbcS.\xf5\x5cj\x81\x9b\
\x9d\xf4jp\xcf\x01\xd3\xd8\x81\xfd8r\xda\x9e\xa4U\
0\xe1t\x1an\x89\xeb\xc8p\x02mO@\xc7\xec\xf1\
\x81\x07\xa0\xda\xf5Znc\xf1\xa7\xe8\x9a\xb7\xda\xac\xa4\
\x85\xbd\xf8r\x9bq\x06\xb9\xb2\xc9w\x09\xbd\xd7\xf4S\
M\x92]\xa2v\xdew\xfbnT\x8d\x19\x84\x08\xec\xf9\
\xbe\x91\xe7\x0c\x17B\xeap\xc4:\xec:\xb57e\x9e\
J-\xd7\xf2\x03&\xb1\x9b\x8e.X^\x0d\xa1\x01\xb2\
\xef\x9eFZs\xe5\x975W\x95Lv\xc2\xfc*\xaf\
\xca\x90\x15\xbe\x01\x9dm\x9aV\x1c\xf5t\xe3\xe3\xcd\xde\
`\xe0\xee\xdd\xfe\x18\xb6\x8e\xd0\x86 \x8a@\x9ce\xc8\
k~\xc51\xe8\xb6\x0e\xae\xd9\xf6\xdf\xb1\x0b\x1c\xf3\x15\
F\x7fnV\xca4[\x10*uG\xc0/\xda\xe0l\
\xcb\xdc\xd6\x95\x16\xb4\xb4\x9f\xdf\x1dr\x99G\
"

qt_resource_name = b"\
\x00\x03\
\x00\x00x\xa3\
\x00q\
\x00s\x00s\
\x00\x06\
\x07\x03}\xc3\
\x00i\
\x00m\x00a\x00g\x00e\x00s\
\x00\x0f\
\x06Z\xc5G\
\x00x\
\x00d\x00a\x00w\x00n\x00e\x00d\x00-\x00p\x00r\x00o\x00.\x00j\x00p\x00g\
\x00\x0b\
\x04J\x00\xa7\
\x00x\
\x00d\x00a\x00w\x00n\x00e\x00d\x00.\x00j\x00p\x00g\
\x00\x08\
\x05\xe2Y'\
\x00l\
\x00o\x00g\x00o\x00.\x00p\x00n\x00g\
\x00\x04\
\x00\x06\xa8\x8b\
\x00d\
\x00a\x00r\x00k\
\x00\x05\
\x00r\xfd\xf4\
\x00l\
\x00i\x00g\x00h\x00t\
\x00\x0d\
\x0e\x8drC\
\x00l\
\x00i\x00n\x00k\x00_\x00c\x00a\x00r\x00d\x00.\x00q\x00s\x00s\
\x00\x12\
\x00\xbb\x8cc\
\x00w\
\x00o\x00r\x00k\x00_\x00i\x00n\x00t\x00e\x00r\x00f\x00a\x00c\x00e\x00.\x00q\x00s\
\x00s\
\x00\x08\
\x0c\xa7W\xe3\
\x00t\
\x00e\x00s\x00t\x00.\x00q\x00s\x00s\
\x00\x15\
\x01\xe32\x03\
\x00s\
\x00e\x00t\x00t\x00i\x00n\x00g\x00_\x00i\x00n\x00t\x00e\x00r\x00f\x00a\x00c\x00e\
\x00.\x00q\x00s\x00s\
\x00\x1d\
\x07>\x03\x83\
\x00n\
\x00a\x00v\x00i\x00g\x00a\x00t\x00i\x00o\x00n\x00_\x00v\x00i\x00e\x00w\x00_\x00i\
\x00n\x00t\x00e\x00r\x00f\x00a\x00c\x00e\x00.\x00q\x00s\x00s\
\x00\x12\
\x00\x1e\xfcc\
\x00v\
\x00i\x00e\x00w\x00_\x00i\x00n\x00t\x00e\x00r\x00f\x00a\x00c\x00e\x00.\x00q\x00s\
\x00s\
\x00\x10\
\x0fm5\xc3\
\x00f\
\x00i\x00l\x00e\x00_\x00b\x00r\x00o\x00w\x00s\x00e\x00r\x00.\x00q\x00s\x00s\
\x00\x0f\
\x0b\xe6.#\
\x00m\
\x00a\x00i\x00n\x00_\x00w\x00i\x00n\x00d\x00o\x00w\x00.\x00q\x00s\x00s\
"

qt_resource_struct = b"\
\x00\x00\x00\x00\x00\x02\x00\x00\x00\x02\x00\x00\x00\x01\
\x00\x00\x00\x00\x00\x00\x00\x00\
\x00\x00\x00\x00\x00\x02\x00\x00\x00\x02\x00\x00\x00\x06\
\x00\x00\x00\x00\x00\x00\x00\x00\
\x00\x00\x00\x0c\x00\x02\x00\x00\x00\x03\x00\x00\x00\x03\
\x00\x00\x00\x00\x00\x00\x00\x00\
\x00\x00\x00B\x00\x00\x00\x00\x00\x01\x00\x00\x22\xb9\
\x00\x00\x01\x9fB\x1bZ\x0c\
\x00\x00\x00^\x00\x00\x00\x00\x00\x01\x00\x00I\x1d\
\x00\x00\x01\x9fB\x1bZ\x0b\
\x00\x00\x00\x1e\x00\x00\x00\x00\x00\x01\x00\x00\x00\x00\
\x00\x00\x01\x9fB\x1bZ\x0b\
\x00\x00\x00t\x00\x02\x00\x00\x00\x07\x00\x00\x00\x10\
\x00\x00\x00\x00\x00\x00\x00\x00\
\x00\x00\x00\x82\x00\x02\x00\x00\x00\x08\x00\x00\x00\x08\
\x00\x00\x00\x00\x00\x00\x00\x00\
\x00\x00\x01b\x00\x00\x00\x00\x00\x01\x00\x00\xba\xee\
\x00\x00\x01\x9fB\x1bZ\x10\
\x00\x00\x00\xb2\x00\x00\x00\x00\x00\x01\x00\x00\xb5\xcd\
\x00\x00\x01\x9fB\x1bZ\x10\
\x00\x00\x00\xf2\x00\x00\x00\x00\x00\x01\x00\x00\xb9\x0d\
\x00\x00\x01\x9fB\x1bZ\x0f\
\x00\x00\x01\x22\x00\x00\x00\x00\x00\x01\x00\x00\xbau\
\x00\x00\x01\x9fB\x1bZ\x0f\
\x00\x00\x01\xb2\x00\x00\x00\x00\x00\x01\x00\x00\xbd#\
\x00\x00\x01\x9fB\x1bZ\x0f\
\x00\x00\x00\xdc\x00\x00\x00\x00\x00\x01\x00\x00\xb7\x0c\
\x00\x00\x01\x9fB\x1bZ\x10\
\x00\x00\x00\x92\x00\x01\x00\x00\x00\x01\x00\x00\xb4\x91\
\x00\x00\x01\x9fB\x1bZ\x0f\
\x00\x00\x01\x8c\x00\x00\x00\x00\x00\x01\x00\x00\xbbd\
\x00\x00\x01\x9fB\x1bZ\x0f\
\x00\x00\x01b\x00\x00\x00\x00\x00\x01\x00\x00\xc6g\
\x00\x00\x01\x9fB\x1bZ\x0e\
\x00\x00\x00\xb2\x00\x00\x00\x00\x00\x01\x00\x00\xc2\xbc\
\x00\x00\x01\x9fB\x1bZ\x0e\
\x00\x00\x00\xf2\x00\x00\x00\x00\x00\x01\x00\x00\xc4^\
\x00\x00\x01\x9fB\x1bZ\x0e\
\x00\x00\x01\x22\x00\x00\x00\x00\x00\x01\x00\x00\xc5\xee\
\x00\x00\x01\x9fB\x1bZ\x0e\
\x00\x00\x01\xb2\x00\x01\x00\x00\x00\x01\x00\x00\xc8\xaa\
\x00\x00\x01\x9fB\x1bZ\x0c\
\x00\x00\x00\x92\x00\x01\x00\x00\x00\x01\x00\x00\xc1\x8f\
\x00\x00\x01\x9fB\x1bZ\x0c\
\x00\x00\x01\x8c\x00\x00\x00\x00\x00\x01\x00\x00\xc6\xe3\
\x00\x00\x01\x9fB\x1bZ\x0c\
"

def qInitResources():
    QtCore.qRegisterResourceData(0x03, qt_resource_struct, qt_resource_name, qt_resource_data)

def qCleanupResources():
    QtCore.qUnregisterResourceData(0x03, qt_resource_struct, qt_resource_name, qt_resource_data)

qInitResources()

